DATAFLOW,LAST UPDATE,freq,indic_de,geo,TIME_PERIOD,OBS_VALUE,OBS_FLAG
ESTAT:TPS00001(1.0),11/07/22 11:00:00,A,JAN,AD,2011,78115,b
ESTAT:TPS00001(1.0),11/07/22 11:00:00,A,JAN,AD,2012,78115,
ESTAT:TPS00001(1.0),11/07/22 11:00:00,A,JAN,AD,2013,76246,
ESTAT:TPS00001(1.0),11/07/22 11:00:00,A,JAN,AD,2016,71732,
ESTAT:TPS00001(1.0),11/07/22 11:00:00,A,JAN,AD,2018,74794,e
ESTAT:TPS00001(1.0),11/07/22 11:00:00,A,JAN,AD,2019,76177,
ESTAT:TPS00001(1.0),11/07/22 11:00:00,A,JAN,AD,2020,77543,e
ESTAT:TPS00001(1.0),11/07/22 11:00:00,A,JAN,AD,2022,79535,
ESTAT:TPS00001(1.0),11/07/22 11:00:00,A,JAN,AL,2011,2907361,
ESTAT:TPS00001(1.0),11/07/22 11:00:00,A,JAN,AL,2012,2903008,
ESTAT:TPS00001(1.0),11/07/22 11:00:00,A,JAN,AL,2013,2897770,
ESTAT:TPS00001(1.0),11/07/22 11:00:00,A,JAN,AL,2014,2892394,
ESTAT:TPS00001(1.0),11/07/22 11:00:00,A,JAN,AL,2015,2885796,
ESTAT:TPS00001(1.0),11/07/22 11:00:00,A,JAN,AL,2016,2875592,
ESTAT:TPS00001(1.0),11/07/22 11:00:00,A,JAN,AL,2017,2876591,
ESTAT:TPS00001(1.0),11/07/22 11:00:00,A,JAN,AL,2018,2870324,
ESTAT:TPS00001(1.0),11/07/22 11:00:00,A,JAN,AL,2019,2862427,
ESTAT:TPS00001(1.0),11/07/22 11:00:00,A,JAN,AL,2020,2845955,
ESTAT:TPS00001(1.0),11/07/22 11:00:00,A,JAN,AL,2021,2829741,
ESTAT:TPS00001(1.0),11/07/22 11:00:00,A,JAN,AL,2022,2793592,
ESTAT:TPS00001(1.0),11/07/22 11:00:00,A,JAN,AM,2011,3262650,
ESTAT:TPS00001(1.0),11/07/22 11:00:00,A,JAN,AM,2012,3274285,
ESTAT:TPS00001(1.0),11/07/22 11:00:00,A,JAN,AM,2013,3026878,
ESTAT:TPS00001(1.0),11/07/22 11:00:00,A,JAN,AM,2014,3017079,
ESTAT:TPS00001(1.0),11/07/22 11:00:00,A,JAN,AM,2015,3010598,
ESTAT:TPS00001(1.0),11/07/22 11:00:00,A,JAN,AM,2016,2998577,
ESTAT:TPS00001(1.0),11/07/22 11:00:00,A,JAN,AM,2017,2986151,
ESTAT:TPS00001(1.0),11/07/22 11:00:00,A,JAN,AM,2018,2972732,
ESTAT:TPS00001(1.0),11/07/22 11:00:00,A,JAN,AM,2019,2965269,
ESTAT:TPS00001(1.0),11/07/22 11:00:00,A,JAN,AM,2020,2959694,
ESTAT:TPS00001(1.0),11/07/22 11:00:00,A,JAN,AM,2021,2963251,
ESTAT:TPS00001(1.0),11/07/22 11:00:00,A,JAN,AT,2011,8375164,
ESTAT:TPS00001(1.0),11/07/22 11:00:00,A,JAN,AT,2012,8408121,
ESTAT:TPS00001(1.0),11/07/22 11:00:00,A,JAN,AT,2013,8451860,
ESTAT:TPS00001(1.0),11/07/22 11:00:00,A,JAN,AT,2014,8507786,
ESTAT:TPS00001(1.0),11/07/22 11:00:00,A,JAN,AT,2015,8584926,
ESTAT:TPS00001(1.0),11/07/22 11:00:00,A,JAN,AT,2016,8700471,
ESTAT:TPS00001(1.0),11/07/22 11:00:00,A,JAN,AT,2017,8772865,
ESTAT:TPS00001(1.0),11/07/22 11:00:00,A,JAN,AT,2018,8822267,
ESTAT:TPS00001(1.0),11/07/22 11:00:00,A,JAN,AT,2019,8858775,
ESTAT:TPS00001(1.0),11/07/22 11:00:00,A,JAN,AT,2020,8901064,
ESTAT:TPS00001(1.0),11/07/22 11:00:00,A,JAN,AT,2021,8932664,
ESTAT:TPS00001(1.0),11/07/22 11:00:00,A,JAN,AT,2022,8978929,
ESTAT:TPS00001(1.0),11/07/22 11:00:00,A,JAN,AZ,2011,9111078,
ESTAT:TPS00001(1.0),11/07/22 11:00:00,A,JAN,AZ,2012,9235085,
ESTAT:TPS00001(1.0),11/07/22 11:00:00,A,JAN,AZ,2013,9356483,
ESTAT:TPS00001(1.0),11/07/22 11:00:00,A,JAN,AZ,2014,9477119,
ESTAT:TPS00001(1.0),11/07/22 11:00:00,A,JAN,AZ,2015,9593038,
ESTAT:TPS00001(1.0),11/07/22 11:00:00,A,JAN,AZ,2016,9705643,
ESTAT:TPS00001(1.0),11/07/22 11:00:00,A,JAN,AZ,2017,9809981,
ESTAT:TPS00001(1.0),11/07/22 11:00:00,A,JAN,AZ,2018,9898085,
ESTAT:TPS00001(1.0),11/07/22 11:00:00,A,JAN,AZ,2019,9981457,
ESTAT:TPS00001(1.0),11/07/22 11:00:00,A,JAN,AZ,2020,10067108,
ESTAT:TPS00001(1.0),11/07/22 11:00:00,A,JAN,AZ,2021,10119133,
ESTAT:TPS00001(1.0),11/07/22 11:00:00,A,JAN,AZ,2022,10156366,
ESTAT:TPS00001(1.0),11/07/22 11:00:00,A,JAN,BA,2011,3843183,
ESTAT:TPS00001(1.0),11/07/22 11:00:00,A,JAN,BA,2012,3839265,
ESTAT:TPS00001(1.0),11/07/22 11:00:00,A,JAN,BA,2013,3835645,
ESTAT:TPS00001(1.0),11/07/22 11:00:00,A,JAN,BA,2014,3830911,
ESTAT:TPS00001(1.0),11/07/22 11:00:00,A,JAN,BA,2015,3825334,
ESTAT:TPS00001(1.0),11/07/22 11:00:00,A,JAN,BA,2016,3515982,
ESTAT:TPS00001(1.0),11/07/22 11:00:00,A,JAN,BA,2017,3509728,
ESTAT:TPS00001(1.0),11/07/22 11:00:00,A,JAN,BA,2018,3500295,
ESTAT:TPS00001(1.0),11/07/22 11:00:00,A,JAN,BA,2019,3492018,p
ESTAT:TPS00001(1.0),11/07/22 11:00:00,A,JAN,BE,2011,11000638,b
ESTAT:TPS00001(1.0),11/07/22 11:00:00,A,JAN,BE,2012,11075889,b
ESTAT:TPS00001(1.0),11/07/22 11:00:00,A,JAN,BE,2013,11137974,
ESTAT:TPS00001(1.0),11/07/22 11:00:00,A,JAN,BE,2014,11180840,
ESTAT:TPS00001(1.0),11/07/22 11:00:00,A,JAN,BE,2015,11237274,
ESTAT:TPS00001(1.0),11/07/22 11:00:00,A,JAN,BE,2016,11311117,
ESTAT:TPS00001(1.0),11/07/22 11:00:00,A,JAN,BE,2017,11351727,
ESTAT:TPS00001(1.0),11/07/22 11:00:00,A,JAN,BE,2018,11398589,
ESTAT:TPS00001(1.0),11/07/22 11:00:00,A,JAN,BE,2019,11455519,
ESTAT:TPS00001(1.0),11/07/22 11:00:00,A,JAN,BE,2020,11522440,
ESTAT:TPS00001(1.0),11/07/22 11:00:00,A,JAN,BE,2021,11554767,
ESTAT:TPS00001(1.0),11/07/22 11:00:00,A,JAN,BE,2022,11631136,p
ESTAT:TPS00001(1.0),11/07/22 11:00:00,A,JAN,BG,2011,7369431,
ESTAT:TPS00001(1.0),11/07/22 11:00:00,A,JAN,BG,2012,7327224,
ESTAT:TPS00001(1.0),11/07/22 11:00:00,A,JAN,BG,2013,7284552,
ESTAT:TPS00001(1.0),11/07/22 11:00:00,A,JAN,BG,2014,7245677,
ESTAT:TPS00001(1.0),11/07/22 11:00:00,A,JAN,BG,2015,7202198,
ESTAT:TPS00001(1.0),11/07/22 11:00:00,A,JAN,BG,2016,7153784,
ESTAT:TPS00001(1.0),11/07/22 11:00:00,A,JAN,BG,2017,7101859,
ESTAT:TPS00001(1.0),11/07/22 11:00:00,A,JAN,BG,2018,7050034,
ESTAT:TPS00001(1.0),11/07/22 11:00:00,A,JAN,BG,2019,7000039,
ESTAT:TPS00001(1.0),11/07/22 11:00:00,A,JAN,BG,2020,6951482,
ESTAT:TPS00001(1.0),11/07/22 11:00:00,A,JAN,BG,2021,6916548,
ESTAT:TPS00001(1.0),11/07/22 11:00:00,A,JAN,BG,2022,6838937,
ESTAT:TPS00001(1.0),11/07/22 11:00:00,A,JAN,BY,2011,9481193,
ESTAT:TPS00001(1.0),11/07/22 11:00:00,A,JAN,BY,2012,9465150,
ESTAT:TPS00001(1.0),11/07/22 11:00:00,A,JAN,BY,2013,9463840,
ESTAT:TPS00001(1.0),11/07/22 11:00:00,A,JAN,BY,2014,9468154,
ESTAT:TPS00001(1.0),11/07/22 11:00:00,A,JAN,BY,2015,9480868,e
ESTAT:TPS00001(1.0),11/07/22 11:00:00,A,JAN,BY,2016,9498364,
ESTAT:TPS00001(1.0),11/07/22 11:00:00,A,JAN,BY,2017,9504704,
ESTAT:TPS00001(1.0),11/07/22 11:00:00,A,JAN,BY,2018,9491823,
ESTAT:TPS00001(1.0),11/07/22 11:00:00,A,JAN,BY,2019,9475174,
ESTAT:TPS00001(1.0),11/07/22 11:00:00,A,JAN,BY,2020,9408350,
ESTAT:TPS00001(1.0),11/07/22 11:00:00,A,JAN,CH,2011,7870134,b
ESTAT:TPS00001(1.0),11/07/22 11:00:00,A,JAN,CH,2012,7954662,
ESTAT:TPS00001(1.0),11/07/22 11:00:00,A,JAN,CH,2013,8039060,
ESTAT:TPS00001(1.0),11/07/22 11:00:00,A,JAN,CH,2014,8139631,
ESTAT:TPS00001(1.0),11/07/22 11:00:00,A,JAN,CH,2015,8237666,
ESTAT:TPS00001(1.0),11/07/22 11:00:00,A,JAN,CH,2016,8327126,
ESTAT:TPS00001(1.0),11/07/22 11:00:00,A,JAN,CH,2017,8419550,
ESTAT:TPS00001(1.0),11/07/22 11:00:00,A,JAN,CH,2018,8484130,
ESTAT:TPS00001(1.0),11/07/22 11:00:00,A,JAN,CH,2019,8544527,
ESTAT:TPS00001(1.0),11/07/22 11:00:00,A,JAN,CH,2020,8606033,
ESTAT:TPS00001(1.0),11/07/22 11:00:00,A,JAN,CH,2021,8670300,
ESTAT:TPS00001(1.0),11/07/22 11:00:00,A,JAN,CH,2022,8736510,p
ESTAT:TPS00001(1.0),11/07/22 11:00:00,A,JAN,CY,2011,839751,
ESTAT:TPS00001(1.0),11/07/22 11:00:00,A,JAN,CY,2012,862011,
ESTAT:TPS00001(1.0),11/07/22 11:00:00,A,JAN,CY,2013,865878,
ESTAT:TPS00001(1.0),11/07/22 11:00:00,A,JAN,CY,2014,858000,
ESTAT:TPS00001(1.0),11/07/22 11:00:00,A,JAN,CY,2015,847008,
ESTAT:TPS00001(1.0),11/07/22 11:00:00,A,JAN,CY,2016,848319,
ESTAT:TPS00001(1.0),11/07/22 11:00:00,A,JAN,CY,2017,854802,
ESTAT:TPS00001(1.0),11/07/22 11:00:00,A,JAN,CY,2018,864236,
ESTAT:TPS00001(1.0),11/07/22 11:00:00,A,JAN,CY,2019,875899,
ESTAT:TPS00001(1.0),11/07/22 11:00:00,A,JAN,CY,2020,888005,
ESTAT:TPS00001(1.0),11/07/22 11:00:00,A,JAN,CY,2021,896007,
ESTAT:TPS00001(1.0),11/07/22 11:00:00,A,JAN,CY,2022,904705,p
ESTAT:TPS00001(1.0),11/07/22 11:00:00,A,JAN,CZ,2011,10486731,
ESTAT:TPS00001(1.0),11/07/22 11:00:00,A,JAN,CZ,2012,10505445,
ESTAT:TPS00001(1.0),11/07/22 11:00:00,A,JAN,CZ,2013,10516125,
ESTAT:TPS00001(1.0),11/07/22 11:00:00,A,JAN,CZ,2014,10512419,
ESTAT:TPS00001(1.0),11/07/22 11:00:00,A,JAN,CZ,2015,10538275,
ESTAT:TPS00001(1.0),11/07/22 11:00:00,A,JAN,CZ,2016,10553843,
ESTAT:TPS00001(1.0),11/07/22 11:00:00,A,JAN,CZ,2017,10578820,
ESTAT:TPS00001(1.0),11/07/22 11:00:00,A,JAN,CZ,2018,10610055,
ESTAT:TPS00001(1.0),11/07/22 11:00:00,A,JAN,CZ,2019,10649800,
ESTAT:TPS00001(1.0),11/07/22 11:00:00,A,JAN,CZ,2020,10693939,
ESTAT:TPS00001(1.0),11/07/22 11:00:00,A,JAN,CZ,2021,10494836,b
ESTAT:TPS00001(1.0),11/07/22 11:00:00,A,JAN,CZ,2022,10516707,
ESTAT:TPS00001(1.0),11/07/22 11:00:00,A,JAN,DE,2011,80222065,b
ESTAT:TPS00001(1.0),11/07/22 11:00:00,A,JAN,DE,2012,80327900,
ESTAT:TPS00001(1.0),11/07/22 11:00:00,A,JAN,DE,2013,80523746,
ESTAT:TPS00001(1.0),11/07/22 11:00:00,A,JAN,DE,2014,80767463,
ESTAT:TPS00001(1.0),11/07/22 11:00:00,A,JAN,DE,2015,81197537,
ESTAT:TPS00001(1.0),11/07/22 11:00:00,A,JAN,DE,2016,82175684,
ESTAT:TPS00001(1.0),11/07/22 11:00:00,A,JAN,DE,2017,82521653,
ESTAT:TPS00001(1.0),11/07/22 11:00:00,A,JAN,DE,2018,82792351,
ESTAT:TPS00001(1.0),11/07/22 11:00:00,A,JAN,DE,2019,83019213,
ESTAT:TPS00001(1.0),11/07/22 11:00:00,A,JAN,DE,2020,83166711,
ESTAT:TPS00001(1.0),11/07/22 11:00:00,A,JAN,DE,2021,83155031,
ESTAT:TPS00001(1.0),11/07/22 11:00:00,A,JAN,DE,2022,83237124,
ESTAT:TPS00001(1.0),11/07/22 11:00:00,A,JAN,DK,2011,5560628,
ESTAT:TPS00001(1.0),11/07/22 11:00:00,A,JAN,DK,2012,5580516,
ESTAT:TPS00001(1.0),11/07/22 11:00:00,A,JAN,DK,2013,5602628,
ESTAT:TPS00001(1.0),11/07/22 11:00:00,A,JAN,DK,2014,5627235,
ESTAT:TPS00001(1.0),11/07/22 11:00:00,A,JAN,DK,2015,5659715,
ESTAT:TPS00001(1.0),11/07/22 11:00:00,A,JAN,DK,2016,5707251,
ESTAT:TPS00001(1.0),11/07/22 11:00:00,A,JAN,DK,2017,5748769,
ESTAT:TPS00001(1.0),11/07/22 11:00:00,A,JAN,DK,2018,5781190,
ESTAT:TPS00001(1.0),11/07/22 11:00:00,A,JAN,DK,2019,5806081,
ESTAT:TPS00001(1.0),11/07/22 11:00:00,A,JAN,DK,2020,5822763,
ESTAT:TPS00001(1.0),11/07/22 11:00:00,A,JAN,DK,2021,5840045,
ESTAT:TPS00001(1.0),11/07/22 11:00:00,A,JAN,DK,2022,5873420,
ESTAT:TPS00001(1.0),11/07/22 11:00:00,A,JAN,EA18,2011,331520001,b
ESTAT:TPS00001(1.0),11/07/22 11:00:00,A,JAN,EA18,2012,332285283,b
ESTAT:TPS00001(1.0),11/07/22 11:00:00,A,JAN,EA18,2013,333073061,
ESTAT:TPS00001(1.0),11/07/22 11:00:00,A,JAN,EA18,2014,334820880,b
ESTAT:TPS00001(1.0),11/07/22 11:00:00,A,JAN,EA18,2015,335640859,b
ESTAT:TPS00001(1.0),11/07/22 11:00:00,A,JAN,EA18,2016,336899429,
ESTAT:TPS00001(1.0),11/07/22 11:00:00,A,JAN,EA18,2017,337693238,b
ESTAT:TPS00001(1.0),11/07/22 11:00:00,A,JAN,EA18,2018,338444103,
ESTAT:TPS00001(1.0),11/07/22 11:00:00,A,JAN,EA18,2019,338842718,be
ESTAT:TPS00001(1.0),11/07/22 11:00:00,A,JAN,EA18,2020,339780701,
ESTAT:TPS00001(1.0),11/07/22 11:00:00,A,JAN,EA18,2021,339765354,p
ESTAT:TPS00001(1.0),11/07/22 11:00:00,A,JAN,EA18,2022,340080986,bep
ESTAT:TPS00001(1.0),11/07/22 11:00:00,A,JAN,EA19,2011,334572589,b
ESTAT:TPS00001(1.0),11/07/22 11:00:00,A,JAN,EA19,2012,335288924,b
ESTAT:TPS00001(1.0),11/07/22 11:00:00,A,JAN,EA19,2013,336044966,
ESTAT:TPS00001(1.0),11/07/22 11:00:00,A,JAN,EA19,2014,337764352,b
ESTAT:TPS00001(1.0),11/07/22 11:00:00,A,JAN,EA19,2015,338562121,b
ESTAT:TPS00001(1.0),11/07/22 11:00:00,A,JAN,EA19,2016,339787987,
ESTAT:TPS00001(1.0),11/07/22 11:00:00,A,JAN,EA19,2017,340541142,b
ESTAT:TPS00001(1.0),11/07/22 11:00:00,A,JAN,EA19,2018,341253004,
ESTAT:TPS00001(1.0),11/07/22 11:00:00,A,JAN,EA19,2019,341636902,be
ESTAT:TPS00001(1.0),11/07/22 11:00:00,A,JAN,EA19,2020,342574791,
ESTAT:TPS00001(1.0),11/07/22 11:00:00,A,JAN,EA19,2021,342561034,p
ESTAT:TPS00001(1.0),11/07/22 11:00:00,A,JAN,EA19,2022,342886984,bep
ESTAT:TPS00001(1.0),11/07/22 11:00:00,A,JAN,EE,2011,1329660,
ESTAT:TPS00001(1.0),11/07/22 11:00:00,A,JAN,EE,2012,1325217,
ESTAT:TPS00001(1.0),11/07/22 11:00:00,A,JAN,EE,2013,1320174,
ESTAT:TPS00001(1.0),11/07/22 11:00:00,A,JAN,EE,2014,1315819,
ESTAT:TPS00001(1.0),11/07/22 11:00:00,A,JAN,EE,2015,1314870,b
ESTAT:TPS00001(1.0),11/07/22 11:00:00,A,JAN,EE,2016,1315944,
ESTAT:TPS00001(1.0),11/07/22 11:00:00,A,JAN,EE,2017,1315635,
ESTAT:TPS00001(1.0),11/07/22 11:00:00,A,JAN,EE,2018,1319133,
ESTAT:TPS00001(1.0),11/07/22 11:00:00,A,JAN,EE,2019,1324820,
ESTAT:TPS00001(1.0),11/07/22 11:00:00,A,JAN,EE,2020,1328976,
ESTAT:TPS00001(1.0),11/07/22 11:00:00,A,JAN,EE,2021,1330068,
ESTAT:TPS00001(1.0),11/07/22 11:00:00,A,JAN,EE,2022,1331796,
ESTAT:TPS00001(1.0),11/07/22 11:00:00,A,JAN,EL,2011,11123392,
ESTAT:TPS00001(1.0),11/07/22 11:00:00,A,JAN,EL,2012,11086406,
ESTAT:TPS00001(1.0),11/07/22 11:00:00,A,JAN,EL,2013,11003615,
ESTAT:TPS00001(1.0),11/07/22 11:00:00,A,JAN,EL,2014,10926807,
ESTAT:TPS00001(1.0),11/07/22 11:00:00,A,JAN,EL,2015,10858018,
ESTAT:TPS00001(1.0),11/07/22 11:00:00,A,JAN,EL,2016,10783748,
ESTAT:TPS00001(1.0),11/07/22 11:00:00,A,JAN,EL,2017,10768193,
ESTAT:TPS00001(1.0),11/07/22 11:00:00,A,JAN,EL,2018,10741165,
ESTAT:TPS00001(1.0),11/07/22 11:00:00,A,JAN,EL,2019,10724599,
ESTAT:TPS00001(1.0),11/07/22 11:00:00,A,JAN,EL,2020,10718565,
ESTAT:TPS00001(1.0),11/07/22 11:00:00,A,JAN,EL,2021,10678632,
ESTAT:TPS00001(1.0),11/07/22 11:00:00,A,JAN,EL,2022,10603810,e
ESTAT:TPS00001(1.0),11/07/22 11:00:00,A,JAN,ES,2011,46667174,
ESTAT:TPS00001(1.0),11/07/22 11:00:00,A,JAN,ES,2012,46818219,
ESTAT:TPS00001(1.0),11/07/22 11:00:00,A,JAN,ES,2013,46727890,
ESTAT:TPS00001(1.0),11/07/22 11:00:00,A,JAN,ES,2014,46512199,
ESTAT:TPS00001(1.0),11/07/22 11:00:00,A,JAN,ES,2015,46449565,
ESTAT:TPS00001(1.0),11/07/22 11:00:00,A,JAN,ES,2016,46440099,
ESTAT:TPS00001(1.0),11/07/22 11:00:00,A,JAN,ES,2017,46528024,
ESTAT:TPS00001(1.0),11/07/22 11:00:00,A,JAN,ES,2018,46658447,
ESTAT:TPS00001(1.0),11/07/22 11:00:00,A,JAN,ES,2019,46937060,
ESTAT:TPS00001(1.0),11/07/22 11:00:00,A,JAN,ES,2020,47332614,
ESTAT:TPS00001(1.0),11/07/22 11:00:00,A,JAN,ES,2021,47398695,
ESTAT:TPS00001(1.0),11/07/22 11:00:00,A,JAN,ES,2022,47432805,p
ESTAT:TPS00001(1.0),11/07/22 11:00:00,A,JAN,EU27_2020,2011,439942305,b
ESTAT:TPS00001(1.0),11/07/22 11:00:00,A,JAN,EU27_2020,2012,440552661,b
ESTAT:TPS00001(1.0),11/07/22 11:00:00,A,JAN,EU27_2020,2013,441257711,
ESTAT:TPS00001(1.0),11/07/22 11:00:00,A,JAN,EU27_2020,2014,442883888,b
ESTAT:TPS00001(1.0),11/07/22 11:00:00,A,JAN,EU27_2020,2015,443666812,b
ESTAT:TPS00001(1.0),11/07/22 11:00:00,A,JAN,EU27_2020,2016,444802830,
ESTAT:TPS00001(1.0),11/07/22 11:00:00,A,JAN,EU27_2020,2017,445534430,b
ESTAT:TPS00001(1.0),11/07/22 11:00:00,A,JAN,EU27_2020,2018,446208557,e
ESTAT:TPS00001(1.0),11/07/22 11:00:00,A,JAN,EU27_2020,2019,446559279,be
ESTAT:TPS00001(1.0),11/07/22 11:00:00,A,JAN,EU27_2020,2020,447485231,e
ESTAT:TPS00001(1.0),11/07/22 11:00:00,A,JAN,EU27_2020,2021,447000548,bep
ESTAT:TPS00001(1.0),11/07/22 11:00:00,A,JAN,EU27_2020,2022,446828803,bep
ESTAT:TPS00001(1.0),11/07/22 11:00:00,A,JAN,EU28,2011,502964837,b
ESTAT:TPS00001(1.0),11/07/22 11:00:00,A,JAN,EU28,2012,504047749,b
ESTAT:TPS00001(1.0),11/07/22 11:00:00,A,JAN,EU28,2013,505163053,
ESTAT:TPS00001(1.0),11/07/22 11:00:00,A,JAN,EU28,2014,507235091,b
ESTAT:TPS00001(1.0),11/07/22 11:00:00,A,JAN,EU28,2015,508520205,b
ESTAT:TPS00001(1.0),11/07/22 11:00:00,A,JAN,EU28,2016,510181874,
ESTAT:TPS00001(1.0),11/07/22 11:00:00,A,JAN,EU28,2017,511378572,b
ESTAT:TPS00001(1.0),11/07/22 11:00:00,A,JAN,EU28,2018,512482133,e
ESTAT:TPS00001(1.0),11/07/22 11:00:00,A,JAN,EU28,2019,513206391,be
ESTAT:TPS00001(1.0),11/07/22 11:00:00,A,JAN,FI,2011,5375276,
ESTAT:TPS00001(1.0),11/07/22 11:00:00,A,JAN,FI,2012,5401267,
ESTAT:TPS00001(1.0),11/07/22 11:00:00,A,JAN,FI,2013,5426674,
ESTAT:TPS00001(1.0),11/07/22 11:00:00,A,JAN,FI,2014,5451270,
ESTAT:TPS00001(1.0),11/07/22 11:00:00,A,JAN,FI,2015,5471753,
ESTAT:TPS00001(1.0),11/07/22 11:00:00,A,JAN,FI,2016,5487308,
ESTAT:TPS00001(1.0),11/07/22 11:00:00,A,JAN,FI,2017,5503297,
ESTAT:TPS00001(1.0),11/07/22 11:00:00,A,JAN,FI,2018,5513130,
ESTAT:TPS00001(1.0),11/07/22 11:00:00,A,JAN,FI,2019,5517919,
ESTAT:TPS00001(1.0),11/07/22 11:00:00,A,JAN,FI,2020,5525292,
ESTAT:TPS00001(1.0),11/07/22 11:00:00,A,JAN,FI,2021,5533793,
ESTAT:TPS00001(1.0),11/07/22 11:00:00,A,JAN,FI,2022,5548241,
ESTAT:TPS00001(1.0),11/07/22 11:00:00,A,JAN,FR,2011,64978721,
ESTAT:TPS00001(1.0),11/07/22 11:00:00,A,JAN,FR,2012,65276983,
ESTAT:TPS00001(1.0),11/07/22 11:00:00,A,JAN,FR,2013,65600350,
ESTAT:TPS00001(1.0),11/07/22 11:00:00,A,JAN,FR,2014,66165980,b
ESTAT:TPS00001(1.0),11/07/22 11:00:00,A,JAN,FR,2015,66458153,
ESTAT:TPS00001(1.0),11/07/22 11:00:00,A,JAN,FR,2016,66638391,
ESTAT:TPS00001(1.0),11/07/22 11:00:00,A,JAN,FR,2017,66809816,
ESTAT:TPS00001(1.0),11/07/22 11:00:00,A,JAN,FR,2018,67026224,
ESTAT:TPS00001(1.0),11/07/22 11:00:00,A,JAN,FR,2019,67290471,
ESTAT:TPS00001(1.0),11/07/22 11:00:00,A,JAN,FR,2020,67485531,
ESTAT:TPS00001(1.0),11/07/22 11:00:00,A,JAN,FR,2021,67656682,p
ESTAT:TPS00001(1.0),11/07/22 11:00:00,A,JAN,FR,2022,67842582,p
ESTAT:TPS00001(1.0),11/07/22 11:00:00,A,JAN,FX,2011,63070344,
ESTAT:TPS00001(1.0),11/07/22 11:00:00,A,JAN,FX,2012,63375971,
ESTAT:TPS00001(1.0),11/07/22 11:00:00,A,JAN,FX,2013,63697865,
ESTAT:TPS00001(1.0),11/07/22 11:00:00,A,JAN,GE,2011,4469250,
ESTAT:TPS00001(1.0),11/07/22 11:00:00,A,JAN,GE,2012,4497617,
ESTAT:TPS00001(1.0),11/07/22 11:00:00,A,JAN,GE,2014,4490498,
ESTAT:TPS00001(1.0),11/07/22 11:00:00,A,JAN,GE,2015,3729500,b
ESTAT:TPS00001(1.0),11/07/22 11:00:00,A,JAN,GE,2016,3720400,
ESTAT:TPS00001(1.0),11/07/22 11:00:00,A,JAN,GE,2017,3726374,
ESTAT:TPS00001(1.0),11/07/22 11:00:00,A,JAN,GE,2018,3729633,
ESTAT:TPS00001(1.0),11/07/22 11:00:00,A,JAN,GE,2019,3723464,
ESTAT:TPS00001(1.0),11/07/22 11:00:00,A,JAN,GE,2020,3716858,
ESTAT:TPS00001(1.0),11/07/22 11:00:00,A,JAN,GE,2021,3728573,
ESTAT:TPS00001(1.0),11/07/22 11:00:00,A,JAN,GE,2022,3688647,
ESTAT:TPS00001(1.0),11/07/22 11:00:00,A,JAN,HR,2011,4289857,
ESTAT:TPS00001(1.0),11/07/22 11:00:00,A,JAN,HR,2012,4275984,
ESTAT:TPS00001(1.0),11/07/22 11:00:00,A,JAN,HR,2013,4262140,
ESTAT:TPS00001(1.0),11/07/22 11:00:00,A,JAN,HR,2014,4246809,
ESTAT:TPS00001(1.0),11/07/22 11:00:00,A,JAN,HR,2015,4225316,
ESTAT:TPS00001(1.0),11/07/22 11:00:00,A,JAN,HR,2016,4190669,
ESTAT:TPS00001(1.0),11/07/22 11:00:00,A,JAN,HR,2017,4154213,
ESTAT:TPS00001(1.0),11/07/22 11:00:00,A,JAN,HR,2018,4105493,
ESTAT:TPS00001(1.0),11/07/22 11:00:00,A,JAN,HR,2019,4076246,
ESTAT:TPS00001(1.0),11/07/22 11:00:00,A,JAN,HR,2020,4058165,
ESTAT:TPS00001(1.0),11/07/22 11:00:00,A,JAN,HR,2021,4036355,
ESTAT:TPS00001(1.0),11/07/22 11:00:00,A,JAN,HR,2022,3879074,bp
ESTAT:TPS00001(1.0),11/07/22 11:00:00,A,JAN,HU,2011,9985722,
ESTAT:TPS00001(1.0),11/07/22 11:00:00,A,JAN,HU,2012,9931925,b
ESTAT:TPS00001(1.0),11/07/22 11:00:00,A,JAN,HU,2013,9908798,
ESTAT:TPS00001(1.0),11/07/22 11:00:00,A,JAN,HU,2014,9877365,
ESTAT:TPS00001(1.0),11/07/22 11:00:00,A,JAN,HU,2015,9855571,
ESTAT:TPS00001(1.0),11/07/22 11:00:00,A,JAN,HU,2016,9830485,
ESTAT:TPS00001(1.0),11/07/22 11:00:00,A,JAN,HU,2017,9797561,
ESTAT:TPS00001(1.0),11/07/22 11:00:00,A,JAN,HU,2018,9778371,
ESTAT:TPS00001(1.0),11/07/22 11:00:00,A,JAN,HU,2019,9772756,
ESTAT:TPS00001(1.0),11/07/22 11:00:00,A,JAN,HU,2020,9769526,
ESTAT:TPS00001(1.0),11/07/22 11:00:00,A,JAN,HU,2021,9730772,
ESTAT:TPS00001(1.0),11/07/22 11:00:00,A,JAN,HU,2022,9689010,
ESTAT:TPS00001(1.0),11/07/22 11:00:00,A,JAN,IE,2011,4570881,
ESTAT:TPS00001(1.0),11/07/22 11:00:00,A,JAN,IE,2012,4589287,
ESTAT:TPS00001(1.0),11/07/22 11:00:00,A,JAN,IE,2013,4609779,
ESTAT:TPS00001(1.0),11/07/22 11:00:00,A,JAN,IE,2014,4637852,
ESTAT:TPS00001(1.0),11/07/22 11:00:00,A,JAN,IE,2015,4677627,
ESTAT:TPS00001(1.0),11/07/22 11:00:00,A,JAN,IE,2016,4726286,
ESTAT:TPS00001(1.0),11/07/22 11:00:00,A,JAN,IE,2017,4784383,
ESTAT:TPS00001(1.0),11/07/22 11:00:00,A,JAN,IE,2018,4830392,
ESTAT:TPS00001(1.0),11/07/22 11:00:00,A,JAN,IE,2019,4904240,e
ESTAT:TPS00001(1.0),11/07/22 11:00:00,A,JAN,IE,2020,4964440,
ESTAT:TPS00001(1.0),11/07/22 11:00:00,A,JAN,IE,2021,5006324,
ESTAT:TPS00001(1.0),11/07/22 11:00:00,A,JAN,IE,2022,5060005,
ESTAT:TPS00001(1.0),11/07/22 11:00:00,A,JAN,IS,2011,318452,
ESTAT:TPS00001(1.0),11/07/22 11:00:00,A,JAN,IS,2012,319575,
ESTAT:TPS00001(1.0),11/07/22 11:00:00,A,JAN,IS,2013,321857,
ESTAT:TPS00001(1.0),11/07/22 11:00:00,A,JAN,IS,2014,325671,
ESTAT:TPS00001(1.0),11/07/22 11:00:00,A,JAN,IS,2015,329100,
ESTAT:TPS00001(1.0),11/07/22 11:00:00,A,JAN,IS,2016,332529,
ESTAT:TPS00001(1.0),11/07/22 11:00:00,A,JAN,IS,2017,338349,
ESTAT:TPS00001(1.0),11/07/22 11:00:00,A,JAN,IS,2018,348450,
ESTAT:TPS00001(1.0),11/07/22 11:00:00,A,JAN,IS,2019,356991,
ESTAT:TPS00001(1.0),11/07/22 11:00:00,A,JAN,IS,2020,364134,
ESTAT:TPS00001(1.0),11/07/22 11:00:00,A,JAN,IS,2021,368792,
ESTAT:TPS00001(1.0),11/07/22 11:00:00,A,JAN,IS,2022,376248,
ESTAT:TPS00001(1.0),11/07/22 11:00:00,A,JAN,IT,2011,59364690,
ESTAT:TPS00001(1.0),11/07/22 11:00:00,A,JAN,IT,2012,59394207,
ESTAT:TPS00001(1.0),11/07/22 11:00:00,A,JAN,IT,2013,59685227,
ESTAT:TPS00001(1.0),11/07/22 11:00:00,A,JAN,IT,2014,60782668,
ESTAT:TPS00001(1.0),11/07/22 11:00:00,A,JAN,IT,2015,60795612,
ESTAT:TPS00001(1.0),11/07/22 11:00:00,A,JAN,IT,2016,60665551,
ESTAT:TPS00001(1.0),11/07/22 11:00:00,A,JAN,IT,2017,60589445,
ESTAT:TPS00001(1.0),11/07/22 11:00:00,A,JAN,IT,2018,60483973,
ESTAT:TPS00001(1.0),11/07/22 11:00:00,A,JAN,IT,2019,59816673,b
ESTAT:TPS00001(1.0),11/07/22 11:00:00,A,JAN,IT,2020,59641488,
ESTAT:TPS00001(1.0),11/07/22 11:00:00,A,JAN,IT,2021,59236213,
ESTAT:TPS00001(1.0),11/07/22 11:00:00,A,JAN,IT,2022,58983122,p
ESTAT:TPS00001(1.0),11/07/22 11:00:00,A,JAN,LI,2011,36149,
ESTAT:TPS00001(1.0),11/07/22 11:00:00,A,JAN,LI,2012,36475,
ESTAT:TPS00001(1.0),11/07/22 11:00:00,A,JAN,LI,2013,36838,
ESTAT:TPS00001(1.0),11/07/22 11:00:00,A,JAN,LI,2014,37129,
ESTAT:TPS00001(1.0),11/07/22 11:00:00,A,JAN,LI,2015,37366,
ESTAT:TPS00001(1.0),11/07/22 11:00:00,A,JAN,LI,2016,37622,
ESTAT:TPS00001(1.0),11/07/22 11:00:00,A,JAN,LI,2017,37810,
ESTAT:TPS00001(1.0),11/07/22 11:00:00,A,JAN,LI,2018,38114,
ESTAT:TPS00001(1.0),11/07/22 11:00:00,A,JAN,LI,2019,38378,
ESTAT:TPS00001(1.0),11/07/22 11:00:00,A,JAN,LI,2020,38747,
ESTAT:TPS00001(1.0),11/07/22 11:00:00,A,JAN,LI,2021,39055,
ESTAT:TPS00001(1.0),11/07/22 11:00:00,A,JAN,LI,2022,39308,p
ESTAT:TPS00001(1.0),11/07/22 11:00:00,A,JAN,LT,2011,3052588,
ESTAT:TPS00001(1.0),11/07/22 11:00:00,A,JAN,LT,2012,3003641,
ESTAT:TPS00001(1.0),11/07/22 11:00:00,A,JAN,LT,2013,2971905,
ESTAT:TPS00001(1.0),11/07/22 11:00:00,A,JAN,LT,2014,2943472,
ESTAT:TPS00001(1.0),11/07/22 11:00:00,A,JAN,LT,2015,2921262,
ESTAT:TPS00001(1.0),11/07/22 11:00:00,A,JAN,LT,2016,2888558,
ESTAT:TPS00001(1.0),11/07/22 11:00:00,A,JAN,LT,2017,2847904,
ESTAT:TPS00001(1.0),11/07/22 11:00:00,A,JAN,LT,2018,2808901,
ESTAT:TPS00001(1.0),11/07/22 11:00:00,A,JAN,LT,2019,2794184,
ESTAT:TPS00001(1.0),11/07/22 11:00:00,A,JAN,LT,2020,2794090,
ESTAT:TPS00001(1.0),11/07/22 11:00:00,A,JAN,LT,2021,2795680,
ESTAT:TPS00001(1.0),11/07/22 11:00:00,A,JAN,LT,2022,2805998,
ESTAT:TPS00001(1.0),11/07/22 11:00:00,A,JAN,LU,2011,511840,
ESTAT:TPS00001(1.0),11/07/22 11:00:00,A,JAN,LU,2012,524853,b
ESTAT:TPS00001(1.0),11/07/22 11:00:00,A,JAN,LU,2013,537039,
ESTAT:TPS00001(1.0),11/07/22 11:00:00,A,JAN,LU,2014,549680,
ESTAT:TPS00001(1.0),11/07/22 11:00:00,A,JAN,LU,2015,562958,
ESTAT:TPS00001(1.0),11/07/22 11:00:00,A,JAN,LU,2016,576249,
ESTAT:TPS00001(1.0),11/07/22 11:00:00,A,JAN,LU,2017,590667,b
ESTAT:TPS00001(1.0),11/07/22 11:00:00,A,JAN,LU,2018,602005,
ESTAT:TPS00001(1.0),11/07/22 11:00:00,A,JAN,LU,2019,613894,
ESTAT:TPS00001(1.0),11/07/22 11:00:00,A,JAN,LU,2020,626108,
ESTAT:TPS00001(1.0),11/07/22 11:00:00,A,JAN,LU,2021,634730,
ESTAT:TPS00001(1.0),11/07/22 11:00:00,A,JAN,LU,2022,645397,
ESTAT:TPS00001(1.0),11/07/22 11:00:00,A,JAN,LV,2011,2074605,
ESTAT:TPS00001(1.0),11/07/22 11:00:00,A,JAN,LV,2012,2044813,
ESTAT:TPS00001(1.0),11/07/22 11:00:00,A,JAN,LV,2013,2023825,
ESTAT:TPS00001(1.0),11/07/22 11:00:00,A,JAN,LV,2014,2001468,
ESTAT:TPS00001(1.0),11/07/22 11:00:00,A,JAN,LV,2015,1986096,
ESTAT:TPS00001(1.0),11/07/22 11:00:00,A,JAN,LV,2016,1968957,
ESTAT:TPS00001(1.0),11/07/22 11:00:00,A,JAN,LV,2017,1950116,
ESTAT:TPS00001(1.0),11/07/22 11:00:00,A,JAN,LV,2018,1934379,
ESTAT:TPS00001(1.0),11/07/22 11:00:00,A,JAN,LV,2019,1919968,
ESTAT:TPS00001(1.0),11/07/22 11:00:00,A,JAN,LV,2020,1907675,
ESTAT:TPS00001(1.0),11/07/22 11:00:00,A,JAN,LV,2021,1893223,
ESTAT:TPS00001(1.0),11/07/22 11:00:00,A,JAN,LV,2022,1875757,
ESTAT:TPS00001(1.0),11/07/22 11:00:00,A,JAN,MC,2015,37700,e
ESTAT:TPS00001(1.0),11/07/22 11:00:00,A,JAN,MC,2016,38200,
ESTAT:TPS00001(1.0),11/07/22 11:00:00,A,JAN,MC,2018,38300,
ESTAT:TPS00001(1.0),11/07/22 11:00:00,A,JAN,MC,2019,38300,e
ESTAT:TPS00001(1.0),11/07/22 11:00:00,A,JAN,MD,2011,3560430,
ESTAT:TPS00001(1.0),11/07/22 11:00:00,A,JAN,MD,2012,3559541,
ESTAT:TPS00001(1.0),11/07/22 11:00:00,A,JAN,MD,2013,3559497,
ESTAT:TPS00001(1.0),11/07/22 11:00:00,A,JAN,MD,2014,2869226,be
ESTAT:TPS00001(1.0),11/07/22 11:00:00,A,JAN,MD,2015,2844673,e
ESTAT:TPS00001(1.0),11/07/22 11:00:00,A,JAN,MD,2016,2824387,e
ESTAT:TPS00001(1.0),11/07/22 11:00:00,A,JAN,MD,2017,2779952,e
ESTAT:TPS00001(1.0),11/07/22 11:00:00,A,JAN,MD,2018,2730364,e
ESTAT:TPS00001(1.0),11/07/22 11:00:00,A,JAN,MD,2019,2686064,e
ESTAT:TPS00001(1.0),11/07/22 11:00:00,A,JAN,MD,2020,2640438,e
ESTAT:TPS00001(1.0),11/07/22 11:00:00,A,JAN,MD,2021,2597107,p
ESTAT:TPS00001(1.0),11/07/22 11:00:00,A,JAN,ME,2011,619850,
ESTAT:TPS00001(1.0),11/07/22 11:00:00,A,JAN,ME,2012,620308,
ESTAT:TPS00001(1.0),11/07/22 11:00:00,A,JAN,ME,2013,620893,
ESTAT:TPS00001(1.0),11/07/22 11:00:00,A,JAN,ME,2014,621521,
ESTAT:TPS00001(1.0),11/07/22 11:00:00,A,JAN,ME,2015,622099,
ESTAT:TPS00001(1.0),11/07/22 11:00:00,A,JAN,ME,2016,622218,
ESTAT:TPS00001(1.0),11/07/22 11:00:00,A,JAN,ME,2017,622387,
ESTAT:TPS00001(1.0),11/07/22 11:00:00,A,JAN,ME,2018,622359,
ESTAT:TPS00001(1.0),11/07/22 11:00:00,A,JAN,ME,2019,622182,
ESTAT:TPS00001(1.0),11/07/22 11:00:00,A,JAN,ME,2020,621873,
ESTAT:TPS00001(1.0),11/07/22 11:00:00,A,JAN,ME,2021,620739,
ESTAT:TPS00001(1.0),11/07/22 11:00:00,A,JAN,ME,2022,617683,
ESTAT:TPS00001(1.0),11/07/22 11:00:00,A,JAN,MK,2011,2057284,
ESTAT:TPS00001(1.0),11/07/22 11:00:00,A,JAN,MK,2012,2059794,
ESTAT:TPS00001(1.0),11/07/22 11:00:00,A,JAN,MK,2013,2062294,e
ESTAT:TPS00001(1.0),11/07/22 11:00:00,A,JAN,MK,2014,2065769,e
ESTAT:TPS00001(1.0),11/07/22 11:00:00,A,JAN,MK,2015,2069172,e
ESTAT:TPS00001(1.0),11/07/22 11:00:00,A,JAN,MK,2016,2071278,e
ESTAT:TPS00001(1.0),11/07/22 11:00:00,A,JAN,MK,2017,2073702,e
ESTAT:TPS00001(1.0),11/07/22 11:00:00,A,JAN,MK,2018,2075301,
ESTAT:TPS00001(1.0),11/07/22 11:00:00,A,JAN,MK,2019,2077132,
ESTAT:TPS00001(1.0),11/07/22 11:00:00,A,JAN,MK,2020,2076255,
ESTAT:TPS00001(1.0),11/07/22 11:00:00,A,JAN,MK,2021,2068808,
ESTAT:TPS00001(1.0),11/07/22 11:00:00,A,JAN,MK,2022,1836713,b
ESTAT:TPS00001(1.0),11/07/22 11:00:00,A,JAN,MT,2011,414989,
ESTAT:TPS00001(1.0),11/07/22 11:00:00,A,JAN,MT,2012,417546,
ESTAT:TPS00001(1.0),11/07/22 11:00:00,A,JAN,MT,2013,422509,
ESTAT:TPS00001(1.0),11/07/22 11:00:00,A,JAN,MT,2014,429424,
ESTAT:TPS00001(1.0),11/07/22 11:00:00,A,JAN,MT,2015,439691,
ESTAT:TPS00001(1.0),11/07/22 11:00:00,A,JAN,MT,2016,450415,
ESTAT:TPS00001(1.0),11/07/22 11:00:00,A,JAN,MT,2017,460297,
ESTAT:TPS00001(1.0),11/07/22 11:00:00,A,JAN,MT,2018,475701,
ESTAT:TPS00001(1.0),11/07/22 11:00:00,A,JAN,MT,2019,493559,
ESTAT:TPS00001(1.0),11/07/22 11:00:00,A,JAN,MT,2020,514564,
ESTAT:TPS00001(1.0),11/07/22 11:00:00,A,JAN,MT,2021,516100,
ESTAT:TPS00001(1.0),11/07/22 11:00:00,A,JAN,MT,2022,520971,
ESTAT:TPS00001(1.0),11/07/22 11:00:00,A,JAN,NL,2011,16655799,
ESTAT:TPS00001(1.0),11/07/22 11:00:00,A,JAN,NL,2012,16730348,
ESTAT:TPS00001(1.0),11/07/22 11:00:00,A,JAN,NL,2013,16779575,
ESTAT:TPS00001(1.0),11/07/22 11:00:00,A,JAN,NL,2014,16829289,
ESTAT:TPS00001(1.0),11/07/22 11:00:00,A,JAN,NL,2015,16900726,
ESTAT:TPS00001(1.0),11/07/22 11:00:00,A,JAN,NL,2016,16979120,
ESTAT:TPS00001(1.0),11/07/22 11:00:00,A,JAN,NL,2017,17081507,
ESTAT:TPS00001(1.0),11/07/22 11:00:00,A,JAN,NL,2018,17181084,
ESTAT:TPS00001(1.0),11/07/22 11:00:00,A,JAN,NL,2019,17282163,
ESTAT:TPS00001(1.0),11/07/22 11:00:00,A,JAN,NL,2020,17407585,
ESTAT:TPS00001(1.0),11/07/22 11:00:00,A,JAN,NL,2021,17475415,
ESTAT:TPS00001(1.0),11/07/22 11:00:00,A,JAN,NL,2022,17590672,
ESTAT:TPS00001(1.0),11/07/22 11:00:00,A,JAN,NO,2011,4920305,
ESTAT:TPS00001(1.0),11/07/22 11:00:00,A,JAN,NO,2012,4985870,
ESTAT:TPS00001(1.0),11/07/22 11:00:00,A,JAN,NO,2013,5051275,
ESTAT:TPS00001(1.0),11/07/22 11:00:00,A,JAN,NO,2014,5107970,
ESTAT:TPS00001(1.0),11/07/22 11:00:00,A,JAN,NO,2015,5166493,
ESTAT:TPS00001(1.0),11/07/22 11:00:00,A,JAN,NO,2016,5210721,
ESTAT:TPS00001(1.0),11/07/22 11:00:00,A,JAN,NO,2017,5258317,
ESTAT:TPS00001(1.0),11/07/22 11:00:00,A,JAN,NO,2018,5295619,
ESTAT:TPS00001(1.0),11/07/22 11:00:00,A,JAN,NO,2019,5328212,
ESTAT:TPS00001(1.0),11/07/22 11:00:00,A,JAN,NO,2020,5367580,
ESTAT:TPS00001(1.0),11/07/22 11:00:00,A,JAN,NO,2021,5391369,
ESTAT:TPS00001(1.0),11/07/22 11:00:00,A,JAN,NO,2022,5425270,
ESTAT:TPS00001(1.0),11/07/22 11:00:00,A,JAN,PL,2011,38062718,
ESTAT:TPS00001(1.0),11/07/22 11:00:00,A,JAN,PL,2012,38063792,
ESTAT:TPS00001(1.0),11/07/22 11:00:00,A,JAN,PL,2013,38062535,
ESTAT:TPS00001(1.0),11/07/22 11:00:00,A,JAN,PL,2014,38017856,
ESTAT:TPS00001(1.0),11/07/22 11:00:00,A,JAN,PL,2015,38005614,
ESTAT:TPS00001(1.0),11/07/22 11:00:00,A,JAN,PL,2016,37967209,
ESTAT:TPS00001(1.0),11/07/22 11:00:00,A,JAN,PL,2017,37972964,
ESTAT:TPS00001(1.0),11/07/22 11:00:00,A,JAN,PL,2018,37976687,e
ESTAT:TPS00001(1.0),11/07/22 11:00:00,A,JAN,PL,2019,37972812,
ESTAT:TPS00001(1.0),11/07/22 11:00:00,A,JAN,PL,2020,37958138,e
ESTAT:TPS00001(1.0),11/07/22 11:00:00,A,JAN,PL,2021,37840001,ep
ESTAT:TPS00001(1.0),11/07/22 11:00:00,A,JAN,PL,2022,37654247,
ESTAT:TPS00001(1.0),11/07/22 11:00:00,A,JAN,PT,2011,10572721,
ESTAT:TPS00001(1.0),11/07/22 11:00:00,A,JAN,PT,2012,10542398,
ESTAT:TPS00001(1.0),11/07/22 11:00:00,A,JAN,PT,2013,10487289,
ESTAT:TPS00001(1.0),11/07/22 11:00:00,A,JAN,PT,2014,10427301,
ESTAT:TPS00001(1.0),11/07/22 11:00:00,A,JAN,PT,2015,10374822,
ESTAT:TPS00001(1.0),11/07/22 11:00:00,A,JAN,PT,2016,10341330,
ESTAT:TPS00001(1.0),11/07/22 11:00:00,A,JAN,PT,2017,10309573,
ESTAT:TPS00001(1.0),11/07/22 11:00:00,A,JAN,PT,2018,10291027,
ESTAT:TPS00001(1.0),11/07/22 11:00:00,A,JAN,PT,2019,10276617,
ESTAT:TPS00001(1.0),11/07/22 11:00:00,A,JAN,PT,2020,10295909,
ESTAT:TPS00001(1.0),11/07/22 11:00:00,A,JAN,PT,2021,10298252,
ESTAT:TPS00001(1.0),11/07/22 11:00:00,A,JAN,PT,2022,10352042,bp
ESTAT:TPS00001(1.0),11/07/22 11:00:00,A,JAN,RO,2011,20199059,
ESTAT:TPS00001(1.0),11/07/22 11:00:00,A,JAN,RO,2012,20095996,
ESTAT:TPS00001(1.0),11/07/22 11:00:00,A,JAN,RO,2013,20020074,
ESTAT:TPS00001(1.0),11/07/22 11:00:00,A,JAN,RO,2014,19947311,
ESTAT:TPS00001(1.0),11/07/22 11:00:00,A,JAN,RO,2015,19870647,
ESTAT:TPS00001(1.0),11/07/22 11:00:00,A,JAN,RO,2016,19760585,
ESTAT:TPS00001(1.0),11/07/22 11:00:00,A,JAN,RO,2017,19643949,
ESTAT:TPS00001(1.0),11/07/22 11:00:00,A,JAN,RO,2018,19533481,
ESTAT:TPS00001(1.0),11/07/22 11:00:00,A,JAN,RO,2019,19414458,
ESTAT:TPS00001(1.0),11/07/22 11:00:00,A,JAN,RO,2020,19328838,e
ESTAT:TPS00001(1.0),11/07/22 11:00:00,A,JAN,RO,2021,19201662,
ESTAT:TPS00001(1.0),11/07/22 11:00:00,A,JAN,RO,2022,19038098,e
ESTAT:TPS00001(1.0),11/07/22 11:00:00,A,JAN,RS,2011,7251549,b
ESTAT:TPS00001(1.0),11/07/22 11:00:00,A,JAN,RS,2012,7216649,
ESTAT:TPS00001(1.0),11/07/22 11:00:00,A,JAN,RS,2013,7181505,
ESTAT:TPS00001(1.0),11/07/22 11:00:00,A,JAN,RS,2014,7146759,
ESTAT:TPS00001(1.0),11/07/22 11:00:00,A,JAN,RS,2015,7114393,
ESTAT:TPS00001(1.0),11/07/22 11:00:00,A,JAN,RS,2016,7076372,
ESTAT:TPS00001(1.0),11/07/22 11:00:00,A,JAN,RS,2017,7040272,
ESTAT:TPS00001(1.0),11/07/22 11:00:00,A,JAN,RS,2018,7001444,
ESTAT:TPS00001(1.0),11/07/22 11:00:00,A,JAN,RS,2019,6963764,
ESTAT:TPS00001(1.0),11/07/22 11:00:00,A,JAN,RS,2020,6926705,
ESTAT:TPS00001(1.0),11/07/22 11:00:00,A,JAN,RS,2021,6871547,
ESTAT:TPS00001(1.0),11/07/22 11:00:00,A,JAN,RS,2022,6797105,
ESTAT:TPS00001(1.0),11/07/22 11:00:00,A,JAN,RU,2011,142856536,
ESTAT:TPS00001(1.0),11/07/22 11:00:00,A,JAN,RU,2012,143056383,
ESTAT:TPS00001(1.0),11/07/22 11:00:00,A,JAN,RU,2014,143666931,
ESTAT:TPS00001(1.0),11/07/22 11:00:00,A,JAN,SE,2011,9415570,
ESTAT:TPS00001(1.0),11/07/22 11:00:00,A,JAN,SE,2012,9482855,
ESTAT:TPS00001(1.0),11/07/22 11:00:00,A,JAN,SE,2013,9555893,
ESTAT:TPS00001(1.0),11/07/22 11:00:00,A,JAN,SE,2014,9644864,
ESTAT:TPS00001(1.0),11/07/22 11:00:00,A,JAN,SE,2015,9747355,
ESTAT:TPS00001(1.0),11/07/22 11:00:00,A,JAN,SE,2016,9851017,
ESTAT:TPS00001(1.0),11/07/22 11:00:00,A,JAN,SE,2017,9995153,
ESTAT:TPS00001(1.0),11/07/22 11:00:00,A,JAN,SE,2018,10120242,
ESTAT:TPS00001(1.0),11/07/22 11:00:00,A,JAN,SE,2019,10230185,
ESTAT:TPS00001(1.0),11/07/22 11:00:00,A,JAN,SE,2020,10327589,
ESTAT:TPS00001(1.0),11/07/22 11:00:00,A,JAN,SE,2021,10379295,
ESTAT:TPS00001(1.0),11/07/22 11:00:00,A,JAN,SE,2022,10452326,
ESTAT:TPS00001(1.0),11/07/22 11:00:00,A,JAN,SI,2011,2050189,
ESTAT:TPS00001(1.0),11/07/22 11:00:00,A,JAN,SI,2012,2055496,
ESTAT:TPS00001(1.0),11/07/22 11:00:00,A,JAN,SI,2013,2058821,
ESTAT:TPS00001(1.0),11/07/22 11:00:00,A,JAN,SI,2014,2061085,
ESTAT:TPS00001(1.0),11/07/22 11:00:00,A,JAN,SI,2015,2062874,
ESTAT:TPS00001(1.0),11/07/22 11:00:00,A,JAN,SI,2016,2064188,
ESTAT:TPS00001(1.0),11/07/22 11:00:00,A,JAN,SI,2017,2065895,
ESTAT:TPS00001(1.0),11/07/22 11:00:00,A,JAN,SI,2018,2066880,
ESTAT:TPS00001(1.0),11/07/22 11:00:00,A,JAN,SI,2019,2080908,
ESTAT:TPS00001(1.0),11/07/22 11:00:00,A,JAN,SI,2020,2095861,
ESTAT:TPS00001(1.0),11/07/22 11:00:00,A,JAN,SI,2021,2108977,
ESTAT:TPS00001(1.0),11/07/22 11:00:00,A,JAN,SI,2022,2107180,
ESTAT:TPS00001(1.0),11/07/22 11:00:00,A,JAN,SK,2011,5392446,
ESTAT:TPS00001(1.0),11/07/22 11:00:00,A,JAN,SK,2012,5404322,
ESTAT:TPS00001(1.0),11/07/22 11:00:00,A,JAN,SK,2013,5410836,
ESTAT:TPS00001(1.0),11/07/22 11:00:00,A,JAN,SK,2014,5415949,
ESTAT:TPS00001(1.0),11/07/22 11:00:00,A,JAN,SK,2015,5421349,
ESTAT:TPS00001(1.0),11/07/22 11:00:00,A,JAN,SK,2016,5426252,
ESTAT:TPS00001(1.0),11/07/22 11:00:00,A,JAN,SK,2017,5435343,
ESTAT:TPS00001(1.0),11/07/22 11:00:00,A,JAN,SK,2018,5443120,
ESTAT:TPS00001(1.0),11/07/22 11:00:00,A,JAN,SK,2019,5450421,
ESTAT:TPS00001(1.0),11/07/22 11:00:00,A,JAN,SK,2020,5457873,
ESTAT:TPS00001(1.0),11/07/22 11:00:00,A,JAN,SK,2021,5459781,
ESTAT:TPS00001(1.0),11/07/22 11:00:00,A,JAN,SK,2022,5434712,
ESTAT:TPS00001(1.0),11/07/22 11:00:00,A,JAN,SM,2011,31863,
ESTAT:TPS00001(1.0),11/07/22 11:00:00,A,JAN,SM,2012,33376,
ESTAT:TPS00001(1.0),11/07/22 11:00:00,A,JAN,SM,2013,33562,
ESTAT:TPS00001(1.0),11/07/22 11:00:00,A,JAN,SM,2014,32520,
ESTAT:TPS00001(1.0),11/07/22 11:00:00,A,JAN,SM,2015,32789,
ESTAT:TPS00001(1.0),11/07/22 11:00:00,A,JAN,SM,2016,33005,
ESTAT:TPS00001(1.0),11/07/22 11:00:00,A,JAN,SM,2017,33196,
ESTAT:TPS00001(1.0),11/07/22 11:00:00,A,JAN,SM,2018,34453,
ESTAT:TPS00001(1.0),11/07/22 11:00:00,A,JAN,SM,2019,34590,
ESTAT:TPS00001(1.0),11/07/22 11:00:00,A,JAN,SM,2020,34735,
ESTAT:TPS00001(1.0),11/07/22 11:00:00,A,JAN,SM,2021,34805,
ESTAT:TPS00001(1.0),11/07/22 11:00:00,A,JAN,SM,2022,33698,
ESTAT:TPS00001(1.0),11/07/22 11:00:00,A,JAN,TR,2011,73722988,
ESTAT:TPS00001(1.0),11/07/22 11:00:00,A,JAN,TR,2012,74724269,
ESTAT:TPS00001(1.0),11/07/22 11:00:00,A,JAN,TR,2013,75627384,
ESTAT:TPS00001(1.0),11/07/22 11:00:00,A,JAN,TR,2014,76667864,
ESTAT:TPS00001(1.0),11/07/22 11:00:00,A,JAN,TR,2015,77695904,
ESTAT:TPS00001(1.0),11/07/22 11:00:00,A,JAN,TR,2016,78741053,
ESTAT:TPS00001(1.0),11/07/22 11:00:00,A,JAN,TR,2017,79814871,
ESTAT:TPS00001(1.0),11/07/22 11:00:00,A,JAN,TR,2018,80810525,
ESTAT:TPS00001(1.0),11/07/22 11:00:00,A,JAN,TR,2019,82003882,be
ESTAT:TPS00001(1.0),11/07/22 11:00:00,A,JAN,TR,2020,83154997,
ESTAT:TPS00001(1.0),11/07/22 11:00:00,A,JAN,TR,2021,83614362,
ESTAT:TPS00001(1.0),11/07/22 11:00:00,A,JAN,TR,2022,84680273,
ESTAT:TPS00001(1.0),11/07/22 11:00:00,A,JAN,UA,2011,45598179,
ESTAT:TPS00001(1.0),11/07/22 11:00:00,A,JAN,UA,2012,45453282,
ESTAT:TPS00001(1.0),11/07/22 11:00:00,A,JAN,UA,2013,45372692,
ESTAT:TPS00001(1.0),11/07/22 11:00:00,A,JAN,UA,2014,45245894,
ESTAT:TPS00001(1.0),11/07/22 11:00:00,A,JAN,UA,2015,42759661,b
ESTAT:TPS00001(1.0),11/07/22 11:00:00,A,JAN,UA,2016,42590879,
ESTAT:TPS00001(1.0),11/07/22 11:00:00,A,JAN,UA,2017,42414905,
ESTAT:TPS00001(1.0),11/07/22 11:00:00,A,JAN,UA,2018,42216766,
ESTAT:TPS00001(1.0),11/07/22 11:00:00,A,JAN,UA,2019,41983564,
ESTAT:TPS00001(1.0),11/07/22 11:00:00,A,JAN,UA,2020,41732779,
ESTAT:TPS00001(1.0),11/07/22 11:00:00,A,JAN,UA,2021,41418717,
ESTAT:TPS00001(1.0),11/07/22 11:00:00,A,JAN,UA,2022,40997698,e
ESTAT:TPS00001(1.0),11/07/22 11:00:00,A,JAN,UK,2011,63022532,
ESTAT:TPS00001(1.0),11/07/22 11:00:00,A,JAN,UK,2012,63495088,
ESTAT:TPS00001(1.0),11/07/22 11:00:00,A,JAN,UK,2013,63905342,
ESTAT:TPS00001(1.0),11/07/22 11:00:00,A,JAN,UK,2014,64351203,
ESTAT:TPS00001(1.0),11/07/22 11:00:00,A,JAN,UK,2015,64853393,
ESTAT:TPS00001(1.0),11/07/22 11:00:00,A,JAN,UK,2016,65379044,
ESTAT:TPS00001(1.0),11/07/22 11:00:00,A,JAN,UK,2017,65844142,
ESTAT:TPS00001(1.0),11/07/22 11:00:00,A,JAN,UK,2018,66273576,
ESTAT:TPS00001(1.0),11/07/22 11:00:00,A,JAN,UK,2019,66647112,
ESTAT:TPS00001(1.0),11/07/22 11:00:00,A,JAN,UK,2020,67025542,
ESTAT:TPS00001(1.0),11/07/22 11:00:00,A,JAN,XK,2011,1794180,b
ESTAT:TPS00001(1.0),11/07/22 11:00:00,A,JAN,XK,2012,1780021,e
ESTAT:TPS00001(1.0),11/07/22 11:00:00,A,JAN,XK,2013,1815606,e
ESTAT:TPS00001(1.0),11/07/22 11:00:00,A,JAN,XK,2014,1820631,e
ESTAT:TPS00001(1.0),11/07/22 11:00:00,A,JAN,XK,2015,1804944,e
ESTAT:TPS00001(1.0),11/07/22 11:00:00,A,JAN,XK,2016,1771604,e
ESTAT:TPS00001(1.0),11/07/22 11:00:00,A,JAN,XK,2017,1783531,e
ESTAT:TPS00001(1.0),11/07/22 11:00:00,A,JAN,XK,2018,1798506,
ESTAT:TPS00001(1.0),11/07/22 11:00:00,A,JAN,XK,2019,1795666,
ESTAT:TPS00001(1.0),11/07/22 11:00:00,A,JAN,XK,2020,1782115,