COUNTRY_CODE,SEX,AGE,TIME,RES_POP,pop
AT,F,Y_GE85,2011,0-1000,29115
AT,F,Y_GE85,2011,1000-9999,38179
AT,F,Y_GE85,2011,10000-99999,23761
AT,F,Y_GE85,2011,100000-499999,18953
AT,F,Y_GE85,2011,500000-999999,0
AT,F,Y_GE85,2011,GE1000000,35453
AT,F,Y_LT15,2011,0-1000,150259
AT,F,Y_LT15,2011,1000-9999,156285
AT,F,Y_LT15,2011,10000-99999,87261
AT,F,Y_LT15,2011,100000-499999,68739
AT,F,Y_LT15,2011,500000-999999,0
AT,F,Y_LT15,2011,GE1000000,136231
AT,F,Y15-29,2011,0-1000,178927
AT,F,Y15-29,2011,1000-9999,189081
AT,F,Y15-29,2011,10000-99999,111455
AT,F,Y15-29,2011,100000-499999,104176
AT,F,Y15-29,2011,500000-999999,0
AT,F,Y15-29,2011,GE1000000,189499
AT,F,Y30-49,2011,0-1000,288102
AT,F,Y30-49,2011,1000-9999,320638
AT,F,Y30-49,2011,10000-99999,180671
AT,F,Y30-49,2011,100000-499999,150563
AT,F,Y30-49,2011,500000-999999,0
AT,F,Y30-49,2011,GE1000000,301688
AT,F,Y50-64,2011,0-1000,199621
AT,F,Y50-64,2011,1000-9999,218346
AT,F,Y50-64,2011,10000-99999,126325
AT,F,Y50-64,2011,100000-499999,97970
AT,F,Y50-64,2011,500000-999999,0
AT,F,Y50-64,2011,GE1000000,184338
AT,F,Y65-84,2011,0-1000,173377
AT,F,Y65-84,2011,1000-9999,185626
AT,F,Y65-84,2011,10000-99999,111405
AT,F,Y65-84,2011,100000-499999,88298
AT,F,Y65-84,2011,500000-999999,0
AT,F,Y65-84,2011,GE1000000,163660
AT,M,Y_GE85,2011,0-1000,12217
AT,M,Y_GE85,2011,1000-9999,13925
AT,M,Y_GE85,2011,10000-99999,8389
AT,M,Y_GE85,2011,100000-499999,6687
AT,M,Y_GE85,2011,500000-999999,0
AT,M,Y_GE85,2011,GE1000000,11955
AT,M,Y_LT15,2011,0-1000,157603
AT,M,Y_LT15,2011,1000-9999,163523
AT,M,Y_LT15,2011,10000-99999,91643
AT,M,Y_LT15,2011,100000-499999,72347
AT,M,Y_LT15,2011,500000-999999,0
AT,M,Y_LT15,2011,GE1000000,143799
AT,M,Y15-29,2011,0-1000,195543
AT,M,Y15-29,2011,1000-9999,196350
AT,M,Y15-29,2011,10000-99999,114684
AT,M,Y15-29,2011,100000-499999,102850
AT,M,Y15-29,2011,500000-999999,0
AT,M,Y15-29,2011,GE1000000,186711
AT,M,Y30-49,2011,0-1000,307568
AT,M,Y30-49,2011,1000-9999,314809
AT,M,Y30-49,2011,10000-99999,177168
AT,M,Y30-49,2011,100000-499999,151768
AT,M,Y30-49,2011,500000-999999,0
AT,M,Y30-49,2011,GE1000000,295779
AT,M,Y50-64,2011,0-1000,212514
AT,M,Y50-64,2011,1000-9999,210502
AT,M,Y50-64,2011,10000-99999,116267
AT,M,Y50-64,2011,100000-499999,88956
AT,M,Y50-64,2011,500000-999999,0
AT,M,Y50-64,2011,GE1000000,169268
AT,M,Y65-84,2011,0-1000,146766
AT,M,Y65-84,2011,1000-9999,149357
AT,M,Y65-84,2011,10000-99999,85596
AT,M,Y65-84,2011,100000-499999,66357
AT,M,Y65-84,2011,500000-999999,0
AT,M,Y65-84,2011,GE1000000,123037
BE,F,Y_GE85,2011,0-1000,9244
BE,F,Y_GE85,2011,1000-9999,19111
BE,F,Y_GE85,2011,10000-99999,20478
BE,F,Y_GE85,2011,100000-499999,20516
BE,F,Y_GE85,2011,500000-999999,11029
BE,F,Y_GE85,2011,GE1000000,93733
BE,F,Y_LT15,2011,0-1000,63623
BE,F,Y_LT15,2011,1000-9999,106192
BE,F,Y_LT15,2011,10000-99999,104018
BE,F,Y_LT15,2011,100000-499999,93343
BE,F,Y_LT15,2011,500000-999999,53998
BE,F,Y_LT15,2011,GE1000000,491641
BE,F,Y15-29,2011,0-1000,63061
BE,F,Y15-29,2011,1000-9999,109538
BE,F,Y15-29,2011,10000-99999,117619
BE,F,Y15-29,2011,100000-499999,104345
BE,F,Y15-29,2011,500000-999999,63690
BE,F,Y15-29,2011,GE1000000,547749
BE,F,Y30-49,2011,0-1000,99969
BE,F,Y30-49,2011,1000-9999,174156
BE,F,Y30-49,2011,10000-99999,181000
BE,F,Y30-49,2011,100000-499999,152621
BE,F,Y30-49,2011,500000-999999,85036
BE,F,Y30-49,2011,GE1000000,828520
BE,F,Y50-64,2011,0-1000,69279
BE,F,Y50-64,2011,1000-9999,124985
BE,F,Y50-64,2011,10000-99999,138436
BE,F,Y50-64,2011,100000-499999,119360
BE,F,Y50-64,2011,500000-999999,64739
BE,F,Y50-64,2011,GE1000000,555664
BE,F,Y65-84,2011,0-1000,52015
BE,F,Y65-84,2011,1000-9999,99643
BE,F,Y65-84,2011,10000-99999,118743
BE,F,Y65-84,2011,100000-499999,100400
BE,F,Y65-84,2011,500000-999999,55600
BE,F,Y65-84,2011,GE1000000,485826
BE,M,Y_GE85,2011,0-1000,4452
BE,M,Y_GE85,2011,1000-9999,7978
BE,M,Y_GE85,2011,10000-99999,8677
BE,M,Y_GE85,2011,100000-499999,7542
BE,M,Y_GE85,2011,500000-999999,4317
BE,M,Y_GE85,2011,GE1000000,41148
BE,M,Y_LT15,2011,0-1000,66526
BE,M,Y_LT15,2011,1000-9999,111369
BE,M,Y_LT15,2011,10000-99999,109285
BE,M,Y_LT15,2011,100000-499999,97779
BE,M,Y_LT15,2011,500000-999999,56036
BE,M,Y_LT15,2011,GE1000000,513487
BE,M,Y15-29,2011,0-1000,66544
BE,M,Y15-29,2011,1000-9999,114144
BE,M,Y15-29,2011,10000-99999,122882
BE,M,Y15-29,2011,100000-499999,107605
BE,M,Y15-29,2011,500000-999999,63787
BE,M,Y15-29,2011,GE1000000,552520
BE,M,Y30-49,2011,0-1000,104028
BE,M,Y30-49,2011,1000-9999,174994
BE,M,Y30-49,2011,10000-99999,184079
BE,M,Y30-49,2011,100000-499999,153531
BE,M,Y30-49,2011,500000-999999,88413
BE,M,Y30-49,2011,GE1000000,855855
BE,M,Y50-64,2011,0-1000,75224
BE,M,Y50-64,2011,1000-9999,126633
BE,M,Y50-64,2011,10000-99999,137732
BE,M,Y50-64,2011,100000-499999,112073
BE,M,Y50-64,2011,500000-999999,61770
BE,M,Y50-64,2011,GE1000000,548580
BE,M,Y65-84,2011,0-1000,45828
BE,M,Y65-84,2011,1000-9999,80324
BE,M,Y65-84,2011,10000-99999,96715
BE,M,Y65-84,2011,100000-499999,72629
BE,M,Y65-84,2011,500000-999999,40481
BE,M,Y65-84,2011,GE1000000,386751
BG,F,Y_GE85,2011,0-1000,17892
BG,F,Y_GE85,2011,1000-9999,15762
BG,F,Y_GE85,2011,10000-99999,15345
BG,F,Y_GE85,2011,100000-499999,9344
BG,F,Y_GE85,2011,500000-999999,0
BG,F,Y_GE85,2011,GE1000000,12746
BG,F,Y_LT15,2011,0-1000,61166
BG,F,Y_LT15,2011,1000-9999,119472
BG,F,Y_LT15,2011,10000-99999,139954
BG,F,Y_LT15,2011,100000-499999,81253
BG,F,Y_LT15,2011,500000-999999,0
BG,F,Y_LT15,2011,GE1000000,71709
BG,F,Y15-29,2011,0-1000,70723
BG,F,Y15-29,2011,1000-9999,140102
BG,F,Y15-29,2011,10000-99999,189592
BG,F,Y15-29,2011,100000-499999,120544
BG,F,Y15-29,2011,500000-999999,0
BG,F,Y15-29,2011,GE1000000,135084
BG,F,Y30-49,2011,0-1000,107119
BG,F,Y30-49,2011,1000-9999,217157
BG,F,Y30-49,2011,10000-99999,314540
BG,F,Y30-49,2011,100000-499999,194939
BG,F,Y30-49,2011,500000-999999,0
BG,F,Y30-49,2011,GE1000000,182087
BG,F,Y50-64,2011,0-1000,120823
BG,F,Y50-64,2011,1000-9999,182607
BG,F,Y50-64,2011,10000-99999,249502
BG,F,Y50-64,2011,100000-499999,143464
BG,F,Y50-64,2011,500000-999999,0
BG,F,Y50-64,2011,GE1000000,128746
BG,F,Y65-84,2011,0-1000,172540
BG,F,Y65-84,2011,1000-9999,176103
BG,F,Y65-84,2011,10000-99999,180643
BG,F,Y65-84,2011,100000-499999,106287
BG,F,Y65-84,2011,500000-999999,0
BG,F,Y65-84,2011,GE1000000,100754
BG,M,Y_GE85,2011,0-1000,9498
BG,M,Y_GE85,2011,1000-9999,7782
BG,M,Y_GE85,2011,10000-99999,7822
BG,M,Y_GE85,2011,100000-499999,4857
BG,M,Y_GE85,2011,500000-999999,0
BG,M,Y_GE85,2011,GE1000000,6431
BG,M,Y_LT15,2011,0-1000,65307
BG,M,Y_LT15,2011,1000-9999,126924
BG,M,Y_LT15,2011,10000-99999,147589
BG,M,Y_LT15,2011,100000-499999,86051
BG,M,Y_LT15,2011,500000-999999,0
BG,M,Y_LT15,2011,GE1000000,75847
BG,M,Y15-29,2011,0-1000,84032
BG,M,Y15-29,2011,1000-9999,157802
BG,M,Y15-29,2011,10000-99999,199294
BG,M,Y15-29,2011,100000-499999,124126
BG,M,Y15-29,2011,500000-999999,0
BG,M,Y15-29,2011,GE1000000,136181
BG,M,Y30-49,2011,0-1000,132290
BG,M,Y30-49,2011,1000-9999,238578
BG,M,Y30-49,2011,10000-99999,320057
BG,M,Y30-49,2011,100000-499999,199243
BG,M,Y30-49,2011,500000-999999,0
BG,M,Y30-49,2011,GE1000000,182753
BG,M,Y50-64,2011,0-1000,122704
BG,M,Y50-64,2011,1000-9999,177985
BG,M,Y50-64,2011,10000-99999,226240
BG,M,Y50-64,2011,100000-499999,125358
BG,M,Y50-64,2011,500000-999999,0
BG,M,Y50-64,2011,GE1000000,104229
BG,M,Y65-84,2011,0-1000,127897
BG,M,Y65-84,2011,1000-9999,125938
BG,M,Y65-84,2011,10000-99999,124866
BG,M,Y65-84,2011,100000-499999,72696
BG,M,Y65-84,2011,500000-999999,0
BG,M,Y65-84,2011,GE1000000,66194
CH,F,Y_GE85,2011,0-1000,9810
CH,F,Y_GE85,2011,1000-9999,39645
CH,F,Y_GE85,2011,10000-99999,23678
CH,F,Y_GE85,2011,100000-499999,18001
CH,F,Y_GE85,2011,500000-999999,0
CH,F,Y_GE85,2011,GE1000000,0
CH,F,Y_LT15,2011,0-1000,0
CH,F,Y_LT15,2011,1000-9999,0
CH,F,Y_LT15,2011,10000-99999,0
CH,F,Y_LT15,2011,100000-499999,0
CH,F,Y_LT15,2011,500000-999999,0
CH,F,Y_LT15,2011,GE1000000,0
CH,F,Y15-29,2011,0-1000,79137
CH,F,Y15-29,2011,1000-9999,353009
CH,F,Y15-29,2011,10000-99999,174103
CH,F,Y15-29,2011,100000-499999,100045
CH,F,Y15-29,2011,500000-999999,0
CH,F,Y15-29,2011,GE1000000,0
CH,F,Y30-49,2011,0-1000,134357
CH,F,Y30-49,2011,1000-9999,582831
CH,F,Y30-49,2011,10000-99999,276273
CH,F,Y30-49,2011,100000-499999,176798
CH,F,Y30-49,2011,500000-999999,0
CH,F,Y30-49,2011,GE1000000,0
CH,F,Y50-64,2011,0-1000,89993
CH,F,Y50-64,2011,1000-9999,393042
CH,F,Y50-64,2011,10000-99999,180789
CH,F,Y50-64,2011,100000-499999,94966
CH,F,Y50-64,2011,500000-999999,0
CH,F,Y50-64,2011,GE1000000,0
CH,F,Y65-84,2011,0-1000,65079
CH,F,Y65-84,2011,1000-9999,302778
CH,F,Y65-84,2011,10000-99999,167145
CH,F,Y65-84,2011,100000-499999,88184
CH,F,Y65-84,2011,500000-999999,0
CH,F,Y65-84,2011,GE1000000,0
CH,M,Y_GE85,2011,0-1000,5115
CH,M,Y_GE85,2011,1000-9999,23501
CH,M,Y_GE85,2011,10000-99999,12645
CH,M,Y_GE85,2011,100000-499999,7896
CH,M,Y_GE85,2011,500000-999999,0
CH,M,Y_GE85,2011,GE1000000,0
CH,M,Y_LT15,2011,0-1000,0
CH,M,Y_LT15,2011,1000-9999,0
CH,M,Y_LT15,2011,10000-99999,0
CH,M,Y_LT15,2011,100000-499999,0
CH,M,Y_LT15,2011,500000-999999,0
CH,M,Y_LT15,2011,GE1000000,0
CH,M,Y15-29,2011,0-1000,84035
CH,M,Y15-29,2011,1000-9999,374006
CH,M,Y15-29,2011,10000-99999,175228
CH,M,Y15-29,2011,100000-499999,95767
CH,M,Y15-29,2011,500000-999999,0
CH,M,Y15-29,2011,GE1000000,0
CH,M,Y30-49,2011,0-1000,133266
CH,M,Y30-49,2011,1000-9999,578362
CH,M,Y30-49,2011,10000-99999,282014
CH,M,Y30-49,2011,100000-499999,187953
CH,M,Y30-49,2011,500000-999999,0
CH,M,Y30-49,2011,GE1000000,0
CH,M,Y50-64,2011,0-1000,98061
CH,M,Y50-64,2011,1000-9999,398998
CH,M,Y50-64,2011,10000-99999,171018
CH,M,Y50-64,2011,100000-499999,90141
CH,M,Y50-64,2011,500000-999999,0
CH,M,Y50-64,2011,GE1000000,0
CH,M,Y65-84,2011,0-1000,63721
CH,M,Y65-84,2011,1000-9999,264063
CH,M,Y65-84,2011,10000-99999,127613
CH,M,Y65-84,2011,100000-499999,64490
CH,M,Y65-84,2011,500000-999999,0
CH,M,Y65-84,2011,GE1000000,0
CY,F,Y_GE85,2011,0-1000,1004
CY,F,Y_GE85,2011,1000-9999,1454
CY,F,Y_GE85,2011,10000-99999,3107
CY,F,Y_GE85,2011,100000-499999,871
CY,F,Y_GE85,2011,500000-999999,0
CY,F,Y_GE85,2011,GE1000000,0
CY,F,Y_LT15,2011,0-1000,4902
CY,F,Y_LT15,2011,1000-9999,19916
CY,F,Y_LT15,2011,10000-99999,33825
CY,F,Y_LT15,2011,100000-499999,7144
CY,F,Y_LT15,2011,500000-999999,0
CY,F,Y_LT15,2011,GE1000000,0
CY,F,Y15-29,2011,0-1000,6811
CY,F,Y15-29,2011,1000-9999,27407
CY,F,Y15-29,2011,10000-99999,50500
CY,F,Y15-29,2011,100000-499999,11721
CY,F,Y15-29,2011,500000-999999,0
CY,F,Y15-29,2011,GE1000000,0
CY,F,Y30-49,2011,0-1000,9088
CY,F,Y30-49,2011,1000-9999,35186
CY,F,Y30-49,2011,10000-99999,73158
CY,F,Y30-49,2011,100000-499999,16243
CY,F,Y30-49,2011,500000-999999,0
CY,F,Y30-49,2011,GE1000000,0
CY,F,Y50-64,2011,0-1000,6963
CY,F,Y50-64,2011,1000-9999,20446
CY,F,Y50-64,2011,10000-99999,38657
CY,F,Y50-64,2011,100000-499999,9514
CY,F,Y50-64,2011,500000-999999,0
CY,F,Y50-64,2011,GE1000000,0
CY,F,Y65-84,2011,0-1000,7583
CY,F,Y65-84,2011,1000-9999,13697
CY,F,Y65-84,2011,10000-99999,25344
CY,F,Y65-84,2011,100000-499999,7086
CY,F,Y65-84,2011,500000-999999,0
CY,F,Y65-84,2011,GE1000000,0
CY,M,Y_GE85,2011,0-1000,791
CY,M,Y_GE85,2011,1000-9999,1060
CY,M,Y_GE85,2011,10000-99999,1953
CY,M,Y_GE85,2011,100000-499999,500
CY,M,Y_GE85,2011,500000-999999,0
CY,M,Y_GE85,2011,GE1000000,0
CY,M,Y_LT15,2011,0-1000,4999
CY,M,Y_LT15,2011,1000-9999,21265
CY,M,Y_LT15,2011,10000-99999,35433
CY,M,Y_LT15,2011,100000-499999,7464
CY,M,Y_LT15,2011,500000-999999,0
CY,M,Y_LT15,2011,GE1000000,0
CY,M,Y15-29,2011,0-1000,7365
CY,M,Y15-29,2011,1000-9999,28640
CY,M,Y15-29,2011,10000-99999,51654
CY,M,Y15-29,2011,100000-499999,11907
CY,M,Y15-29,2011,500000-999999,0
CY,M,Y15-29,2011,GE1000000,0
CY,M,Y30-49,2011,0-1000,8011
CY,M,Y30-49,2011,1000-9999,31639
CY,M,Y30-49,2011,10000-99999,61686
CY,M,Y30-49,2011,100000-499999,13666
CY,M,Y30-49,2011,500000-999999,0
CY,M,Y30-49,2011,GE1000000,0
CY,M,Y50-64,2011,0-1000,6937
CY,M,Y50-64,2011,1000-9999,21136
CY,M,Y50-64,2011,10000-99999,36449
CY,M,Y50-64,2011,100000-499999,8823
CY,M,Y50-64,2011,500000-999999,0
CY,M,Y50-64,2011,GE1000000,0
CY,M,Y65-84,2011,0-1000,6344
CY,M,Y65-84,2011,1000-9999,12729
CY,M,Y65-84,2011,10000-99999,22268
CY,M,Y65-84,2011,100000-499999,6061
CY,M,Y65-84,2011,500000-999999,0
CY,M,Y65-84,2011,GE1000000,0
CZ,F,Y_GE85,2011,0-1000,17269
CZ,F,Y_GE85,2011,1000-9999,32348
CZ,F,Y_GE85,2011,10000-99999,33456
CZ,F,Y_GE85,2011,100000-499999,12834
CZ,F,Y_GE85,2011,500000-999999,0
CZ,F,Y_GE85,2011,GE1000000,15850
CZ,F,Y_LT15,2011,0-1000,132816
CZ,F,Y_LT15,2011,1000-9999,233323
CZ,F,Y_LT15,2011,10000-99999,215751
CZ,F,Y_LT15,2011,100000-499999,68211
CZ,F,Y_LT15,2011,500000-999999,0
CZ,F,Y_LT15,2011,GE1000000,74878
CZ,F,Y15-29,2011,0-1000,154800
CZ,F,Y15-29,2011,1000-9999,282358
CZ,F,Y15-29,2011,10000-99999,292196
CZ,F,Y15-29,2011,100000-499999,103566
CZ,F,Y15-29,2011,500000-999999,0
CZ,F,Y15-29,2011,GE1000000,128968
CZ,F,Y30-49,2011,0-1000,251733
CZ,F,Y30-49,2011,1000-9999,462675
CZ,F,Y30-49,2011,10000-99999,468074
CZ,F,Y30-49,2011,100000-499999,155228
CZ,F,Y30-49,2011,500000-999999,0
CZ,F,Y30-49,2011,GE1000000,199742
CZ,F,Y50-64,2011,0-1000,185090
CZ,F,Y50-64,2011,1000-9999,331354
CZ,F,Y50-64,2011,10000-99999,348512
CZ,F,Y50-64,2011,100000-499999,112376
CZ,F,Y50-64,2011,500000-999999,0
CZ,F,Y50-64,2011,GE1000000,128707
CZ,F,Y65-84,2011,0-1000,142294
CZ,F,Y65-84,2011,1000-9999,255154
CZ,F,Y65-84,2011,10000-99999,273408
CZ,F,Y65-84,2011,100000-499999,93709
CZ,F,Y65-84,2011,500000-999999,0
CZ,F,Y65-84,2011,GE1000000,104389
CZ,M,Y_GE85,2011,0-1000,6752
CZ,M,Y_GE85,2011,1000-9999,11803
CZ,M,Y_GE85,2011,10000-99999,12777
CZ,M,Y_GE85,2011,100000-499999,4912
CZ,M,Y_GE85,2011,500000-999999,0
CZ,M,Y_GE85,2011,GE1000000,6680
CZ,M,Y_LT15,2011,0-1000,140140
CZ,M,Y_LT15,2011,1000-9999,247564
CZ,M,Y_LT15,2011,10000-99999,226681
CZ,M,Y_LT15,2011,100000-499999,70820
CZ,M,Y_LT15,2011,500000-999999,0
CZ,M,Y_LT15,2011,GE1000000,78744
CZ,M,Y15-29,2011,0-1000,168080
CZ,M,Y15-29,2011,1000-9999,300000
CZ,M,Y15-29,2011,10000-99999,303857
CZ,M,Y15-29,2011,100000-499999,106234
CZ,M,Y15-29,2011,500000-999999,0
CZ,M,Y15-29,2011,GE1000000,128536
CZ,M,Y30-49,2011,0-1000,279435
CZ,M,Y30-49,2011,1000-9999,487318
CZ,M,Y30-49,2011,10000-99999,470814
CZ,M,Y30-49,2011,100000-499999,160116
CZ,M,Y30-49,2011,500000-999999,0
CZ,M,Y30-49,2011,GE1000000,207989
CZ,M,Y50-64,2011,0-1000,193416
CZ,M,Y50-64,2011,1000-9999,326273
CZ,M,Y50-64,2011,10000-99999,316378
CZ,M,Y50-64,2011,100000-499999,98965
CZ,M,Y50-64,2011,500000-999999,0
CZ,M,Y50-64,2011,GE1000000,114379
CZ,M,Y65-84,2011,0-1000,107510
CZ,M,Y65-84,2011,1000-9999,184790
CZ,M,Y65-84,2011,10000-99999,189495
CZ,M,Y65-84,2011,100000-499999,65296
CZ,M,Y65-84,2011,500000-999999,0
CZ,M,Y65-84,2011,GE1000000,74110
DE,F,Y_GE85,2011,0-1000,130421
DE,F,Y_GE85,2011,1000-9999,341441
DE,F,Y_GE85,2011,10000-99999,400448
DE,F,Y_GE85,2011,100000-499999,174258
DE,F,Y_GE85,2011,500000-999999,96642
DE,F,Y_GE85,2011,GE1000000,258785
DE,F,Y_LT15,2011,0-1000,641300
DE,F,Y_LT15,2011,1000-9999,1426203
DE,F,Y_LT15,2011,10000-99999,1328308
DE,F,Y_LT15,2011,100000-499999,578813
DE,F,Y_LT15,2011,500000-999999,321804
DE,F,Y_LT15,2011,GE1000000,963662
DE,F,Y15-29,2011,0-1000,686500
DE,F,Y15-29,2011,1000-9999,1594047
DE,F,Y15-29,2011,10000-99999,1703653
DE,F,Y15-29,2011,100000-499999,920546
DE,F,Y15-29,2011,500000-999999,470934
DE,F,Y15-29,2011,GE1000000,1369400
DE,F,Y30-49,2011,0-1000,1341863
DE,F,Y30-49,2011,1000-9999,2929008
DE,F,Y30-49,2011,10000-99999,2784618
DE,F,Y30-49,2011,100000-499999,1282266
DE,F,Y30-49,2011,500000-999999,733202
DE,F,Y30-49,2011,GE1000000,2254620
DE,F,Y50-64,2011,0-1000,1012139
DE,F,Y50-64,2011,1000-9999,2206764
DE,F,Y50-64,2011,10000-99999,2148363
DE,F,Y50-64,2011,100000-499999,911202
DE,F,Y50-64,2011,500000-999999,488215
DE,F,Y50-64,2011,GE1000000,1480534
DE,F,Y65-84,2011,0-1000,883459
DE,F,Y65-84,2011,1000-9999,2052896
DE,F,Y65-84,2011,10000-99999,2205366
DE,F,Y65-84,2011,100000-499999,939592
DE,F,Y65-84,2011,500000-999999,519095
DE,F,Y65-84,2011,GE1000000,1493387
DE,M,Y_GE85,2011,0-1000,51587
DE,M,Y_GE85,2011,1000-9999,119794
DE,M,Y_GE85,2011,10000-99999,134714
DE,M,Y_GE85,2011,100000-499999,59643
DE,M,Y_GE85,2011,500000-999999,31980
DE,M,Y_GE85,2011,GE1000000,85452
DE,M,Y_LT15,2011,0-1000,677490
DE,M,Y_LT15,2011,1000-9999,1505092
DE,M,Y_LT15,2011,10000-99999,1396140
DE,M,Y_LT15,2011,100000-499999,605758
DE,M,Y_LT15,2011,500000-999999,342086
DE,M,Y_LT15,2011,GE1000000,1018635
DE,M,Y15-29,2011,0-1000,785819
DE,M,Y15-29,2011,1000-9999,1732168
DE,M,Y15-29,2011,10000-99999,1762703
DE,M,Y15-29,2011,100000-499999,911240
DE,M,Y15-29,2011,500000-999999,459324
DE,M,Y15-29,2011,GE1000000,1325718
DE,M,Y30-49,2011,0-1000,1400088
DE,M,Y30-49,2011,1000-9999,2932285
DE,M,Y30-49,2011,10000-99999,2801080
DE,M,Y30-49,2011,100000-499999,1325113
DE,M,Y30-49,2011,500000-999999,759407
DE,M,Y30-49,2011,GE1000000,2302122
DE,M,Y50-64,2011,0-1000,1094198
DE,M,Y50-64,2011,1000-9999,2221814
DE,M,Y50-64,2011,10000-99999,2039451
DE,M,Y50-64,2011,100000-499999,855889
DE,M,Y50-64,2011,500000-999999,463725
DE,M,Y50-64,2011,GE1000000,1406265
DE,M,Y65-84,2011,0-1000,771365
DE,M,Y65-84,2011,1000-9999,1708335
DE,M,Y65-84,2011,10000-99999,1736198
DE,M,Y65-84,2011,100000-499999,734843
DE,M,Y65-84,2011,500000-999999,403849
DE,M,Y65-84,2011,GE1000000,1184571
DK,F,Y_GE85,2011,0-1000,8856
DK,F,Y_GE85,2011,1000-9999,20967
DK,F,Y_GE85,2011,10000-99999,21968
DK,F,Y_GE85,2011,100000-499999,7417
DK,F,Y_GE85,2011,500000-999999,0
DK,F,Y_GE85,2011,GE1000000,17735
DK,F,Y_LT15,2011,0-1000,106927
DK,F,Y_LT15,2011,1000-9999,112007
DK,F,Y_LT15,2011,10000-99999,129270
DK,F,Y_LT15,2011,100000-499999,39249
DK,F,Y_LT15,2011,500000-999999,0
DK,F,Y_LT15,2011,GE1000000,97927
DK,F,Y15-29,2011,0-1000,76850
DK,F,Y15-29,2011,1000-9999,78407
DK,F,Y15-29,2011,10000-99999,130078
DK,F,Y15-29,2011,100000-499999,74129
DK,F,Y15-29,2011,500000-999999,0
DK,F,Y15-29,2011,GE1000000,134637
DK,F,Y30-49,2011,0-1000,155519
DK,F,Y30-49,2011,1000-9999,163979
DK,F,Y30-49,2011,10000-99999,201751
DK,F,Y30-49,2011,100000-499999,65378
DK,F,Y30-49,2011,500000-999999,0
DK,F,Y30-49,2011,GE1000000,180074
DK,F,Y50-64,2011,0-1000,120485
DK,F,Y50-64,2011,1000-9999,126983
DK,F,Y50-64,2011,10000-99999,149040
DK,F,Y50-64,2011,100000-499999,44286
DK,F,Y50-64,2011,500000-999999,0
DK,F,Y50-64,2011,GE1000000,100073
DK,F,Y65-84,2011,0-1000,75379
DK,F,Y65-84,2011,1000-9999,116123
DK,F,Y65-84,2011,10000-99999,130381
DK,F,Y65-84,2011,100000-499999,35516
DK,F,Y65-84,2011,500000-999999,0
DK,F,Y65-84,2011,GE1000000,82655
DK,M,Y_GE85,2011,0-1000,5875
DK,M,Y_GE85,2011,1000-9999,9834
DK,M,Y_GE85,2011,10000-99999,9358
DK,M,Y_GE85,2011,100000-499999,2752
DK,M,Y_GE85,2011,500000-999999,0
DK,M,Y_GE85,2011,GE1000000,6554
DK,M,Y_LT15,2011,0-1000,113019
DK,M,Y_LT15,2011,1000-9999,117607
DK,M,Y_LT15,2011,10000-99999,135079
DK,M,Y_LT15,2011,100000-499999,40620
DK,M,Y_LT15,2011,500000-999999,0
DK,M,Y_LT15,2011,GE1000000,103382
DK,M,Y15-29,2011,0-1000,88704
DK,M,Y15-29,2011,1000-9999,85285
DK,M,Y15-29,2011,10000-99999,136888
DK,M,Y15-29,2011,100000-499999,72448
DK,M,Y15-29,2011,500000-999999,0
DK,M,Y15-29,2011,GE1000000,128047
DK,M,Y30-49,2011,0-1000,163861
DK,M,Y30-49,2011,1000-9999,157953
DK,M,Y30-49,2011,10000-99999,202012
DK,M,Y30-49,2011,100000-499999,68511
DK,M,Y30-49,2011,500000-999999,0
DK,M,Y30-49,2011,GE1000000,186553
DK,M,Y50-64,2011,0-1000,133984
DK,M,Y50-64,2011,1000-9999,122936
DK,M,Y50-64,2011,10000-99999,142771
DK,M,Y50-64,2011,100000-499999,42420
DK,M,Y50-64,2011,500000-999999,0
DK,M,Y50-64,2011,GE1000000,97718
DK,M,Y65-84,2011,0-1000,85792
DK,M,Y65-84,2011,1000-9999,98322
DK,M,Y65-84,2011,10000-99999,106285
DK,M,Y65-84,2011,100000-499999,28143
DK,M,Y65-84,2011,500000-999999,0
DK,M,Y65-84,2011,GE1000000,63869
EE,F,Y_GE85,2011,0-1000,712
EE,F,Y_GE85,2011,1000-9999,6924
EE,F,Y_GE85,2011,10000-99999,5537
EE,F,Y_GE85,2011,100000-499999,5216
EE,F,Y_GE85,2011,500000-999999,0
EE,F,Y_GE85,2011,GE1000000,0
EE,F,Y_LT15,2011,0-1000,2260
EE,F,Y_LT15,2011,1000-9999,35326
EE,F,Y_LT15,2011,10000-99999,31952
EE,F,Y_LT15,2011,100000-499999,27465
EE,F,Y_LT15,2011,500000-999999,0
EE,F,Y_LT15,2011,GE1000000,0
EE,F,Y15-29,2011,0-1000,2314
EE,F,Y15-29,2011,1000-9999,36825
EE,F,Y15-29,2011,10000-99999,41494
EE,F,Y15-29,2011,100000-499999,43633
EE,F,Y15-29,2011,500000-999999,0
EE,F,Y15-29,2011,GE1000000,0
EE,F,Y30-49,2011,0-1000,3790
EE,F,Y30-49,2011,1000-9999,57735
EE,F,Y30-49,2011,10000-99999,58548
EE,F,Y30-49,2011,100000-499999,56824
EE,F,Y30-49,2011,500000-999999,0
EE,F,Y30-49,2011,GE1000000,0
EE,F,Y50-64,2011,0-1000,3717
EE,F,Y50-64,2011,1000-9999,47848
EE,F,Y50-64,2011,10000-99999,47108
EE,F,Y50-64,2011,100000-499999,43631
EE,F,Y50-64,2011,500000-999999,0
EE,F,Y50-64,2011,GE1000000,0
EE,F,Y65-84,2011,0-1000,4731
EE,F,Y65-84,2011,1000-9999,48304
EE,F,Y65-84,2011,10000-99999,42542
EE,F,Y65-84,2011,100000-499999,39493
EE,F,Y65-84,2011,500000-999999,0
EE,F,Y65-84,2011,GE1000000,0
EE,M,Y_GE85,2011,0-1000,169
EE,M,Y_GE85,2011,1000-9999,1634
EE,M,Y_GE85,2011,10000-99999,1350
EE,M,Y_GE85,2011,100000-499999,1331
EE,M,Y_GE85,2011,500000-999999,0
EE,M,Y_GE85,2011,GE1000000,0
EE,M,Y_LT15,2011,0-1000,2360
EE,M,Y_LT15,2011,1000-9999,37856
EE,M,Y_LT15,2011,10000-99999,33850
EE,M,Y_LT15,2011,100000-499999,28822
EE,M,Y_LT15,2011,500000-999999,0
EE,M,Y_LT15,2011,GE1000000,0
EE,M,Y15-29,2011,0-1000,3123
EE,M,Y15-29,2011,1000-9999,43790
EE,M,Y15-29,2011,10000-99999,42570
EE,M,Y15-29,2011,100000-499999,41108
EE,M,Y15-29,2011,500000-999999,0
EE,M,Y15-29,2011,GE1000000,0
EE,M,Y30-49,2011,0-1000,4427
EE,M,Y30-49,2011,1000-9999,60703
EE,M,Y30-49,2011,10000-99999,56146
EE,M,Y30-49,2011,100000-499999,54344
EE,M,Y30-49,2011,500000-999999,0
EE,M,Y30-49,2011,GE1000000,0
EE,M,Y50-64,2011,0-1000,3968
EE,M,Y50-64,2011,1000-9999,44272
EE,M,Y50-64,2011,10000-99999,35899
EE,M,Y50-64,2011,100000-499999,31307
EE,M,Y50-64,2011,500000-999999,0
EE,M,Y50-64,2011,GE1000000,0
EE,M,Y65-84,2011,0-1000,2746
EE,M,Y65-84,2011,1000-9999,27716
EE,M,Y65-84,2011,10000-99999,20987
EE,M,Y65-84,2011,100000-499999,20048
EE,M,Y65-84,2011,500000-999999,0
EE,M,Y65-84,2011,GE1000000,0
EL,F,Y_GE85,2011,0-1000,41188
EL,F,Y_GE85,2011,1000-9999,26982
EL,F,Y_GE85,2011,10000-99999,50964
EL,F,Y_GE85,2011,100000-499999,14460
EL,F,Y_GE85,2011,500000-999999,12076
EL,F,Y_GE85,2011,GE1000000,0
EL,F,Y_LT15,2011,0-1000,122040
EL,F,Y_LT15,2011,1000-9999,174502
EL,F,Y_LT15,2011,10000-99999,357683
EL,F,Y_LT15,2011,100000-499999,76419
EL,F,Y_LT15,2011,500000-999999,35617
EL,F,Y_LT15,2011,GE1000000,0
EL,F,Y15-29,2011,0-1000,131752
EL,F,Y15-29,2011,1000-9999,177456
EL,F,Y15-29,2011,10000-99999,425888
EL,F,Y15-29,2011,100000-499999,123879
EL,F,Y15-29,2011,500000-999999,62039
EL,F,Y15-29,2011,GE1000000,0
EL,F,Y30-49,2011,0-1000,234737
EL,F,Y30-49,2011,1000-9999,322835
EL,F,Y30-49,2011,10000-99999,766406
EL,F,Y30-49,2011,100000-499999,179357
EL,F,Y30-49,2011,500000-999999,104410
EL,F,Y30-49,2011,GE1000000,0
EL,F,Y50-64,2011,0-1000,196244
EL,F,Y50-64,2011,1000-9999,200852
EL,F,Y50-64,2011,10000-99999,457203
EL,F,Y50-64,2011,100000-499999,115342
EL,F,Y50-64,2011,500000-999999,69375
EL,F,Y50-64,2011,GE1000000,0
EL,F,Y65-84,2011,0-1000,274342
EL,F,Y65-84,2011,1000-9999,204181
EL,F,Y65-84,2011,10000-99999,383932
EL,F,Y65-84,2011,100000-499999,105583
EL,F,Y65-84,2011,500000-999999,65319
EL,F,Y65-84,2011,GE1000000,0
EL,M,Y_GE85,2011,0-1000,27608
EL,M,Y_GE85,2011,1000-9999,16328
EL,M,Y_GE85,2011,10000-99999,28044
EL,M,Y_GE85,2011,100000-499999,7639
EL,M,Y_GE85,2011,500000-999999,5672
EL,M,Y_GE85,2011,GE1000000,0
EL,M,Y_LT15,2011,0-1000,128220
EL,M,Y_LT15,2011,1000-9999,182669
EL,M,Y_LT15,2011,10000-99999,374805
EL,M,Y_LT15,2011,100000-499999,80067
EL,M,Y_LT15,2011,500000-999999,37246
EL,M,Y_LT15,2011,GE1000000,0
EL,M,Y15-29,2011,0-1000,160374
EL,M,Y15-29,2011,1000-9999,201353
EL,M,Y15-29,2011,10000-99999,434340
EL,M,Y15-29,2011,100000-499999,120379
EL,M,Y15-29,2011,500000-999999,66684
EL,M,Y15-29,2011,GE1000000,0
EL,M,Y30-49,2011,0-1000,270845
EL,M,Y30-49,2011,1000-9999,333922
EL,M,Y30-49,2011,10000-99999,725625
EL,M,Y30-49,2011,100000-499999,171302
EL,M,Y30-49,2011,500000-999999,106960
EL,M,Y30-49,2011,GE1000000,0
EL,M,Y50-64,2011,0-1000,204127
EL,M,Y50-64,2011,1000-9999,200194
EL,M,Y50-64,2011,10000-99999,418711
EL,M,Y50-64,2011,100000-499999,99943
EL,M,Y50-64,2011,500000-999999,55632
EL,M,Y50-64,2011,GE1000000,0
EL,M,Y65-84,2011,0-1000,240736
EL,M,Y65-84,2011,1000-9999,176215
EL,M,Y65-84,2011,10000-99999,306604
EL,M,Y65-84,2011,100000-499999,77963
EL,M,Y65-84,2011,500000-999999,43016
EL,M,Y65-84,2011,GE1000000,0
ES,F,Y_GE85,2011,0-1000,44205
ES,F,Y_GE85,2011,1000-9999,147525
ES,F,Y_GE85,2011,10000-99999,230250
ES,F,Y_GE85,2011,100000-499999,162625
ES,F,Y_GE85,2011,500000-999999,42610
ES,F,Y_GE85,2011,GE1000000,103315
ES,F,Y_LT15,2011,0-1000,69125
ES,F,Y_LT15,2011,1000-9999,592610
ES,F,Y_LT15,2011,10000-99999,1459095
ES,F,Y_LT15,2011,100000-499999,800610
ES,F,Y_LT15,2011,500000-999999,197450
ES,F,Y_LT15,2011,GE1000000,309470
ES,F,Y15-29,2011,0-1000,91595
ES,F,Y15-29,2011,1000-9999,658215
ES,F,Y15-29,2011,10000-99999,1556775
ES,F,Y15-29,2011,100000-499999,916255
ES,F,Y15-29,2011,500000-999999,224555
ES,F,Y15-29,2011,GE1000000,385960
ES,F,Y30-49,2011,0-1000,175350
ES,F,Y30-49,2011,1000-9999,1261695
ES,F,Y30-49,2011,10000-99999,3048895
ES,F,Y30-49,2011,100000-499999,1808005
ES,F,Y30-49,2011,500000-999999,442355
ES,F,Y30-49,2011,GE1000000,808425
ES,F,Y50-64,2011,0-1000,130265
ES,F,Y50-64,2011,1000-9999,711085
ES,F,Y50-64,2011,10000-99999,1616345
ES,F,Y50-64,2011,100000-499999,1072960
ES,F,Y50-64,2011,500000-999999,267575
ES,F,Y50-64,2011,GE1000000,461140
ES,F,Y65-84,2011,0-1000,196580
ES,F,Y65-84,2011,1000-9999,749260
ES,F,Y65-84,2011,10000-99999,1333800
ES,F,Y65-84,2011,100000-499999,907630
ES,F,Y65-84,2011,500000-999999,245020
ES,F,Y65-84,2011,GE1000000,482945
ES,M,Y_GE85,2011,0-1000,28965
ES,M,Y_GE85,2011,1000-9999,80720
ES,M,Y_GE85,2011,10000-99999,110330
ES,M,Y_GE85,2011,100000-499999,73355
ES,M,Y_GE85,2011,500000-999999,17285
ES,M,Y_GE85,2011,GE1000000,42315
ES,M,Y_LT15,2011,0-1000,73545
ES,M,Y_LT15,2011,1000-9999,634655
ES,M,Y_LT15,2011,10000-99999,1553580
ES,M,Y_LT15,2011,100000-499999,846060
ES,M,Y_LT15,2011,500000-999999,208100
ES,M,Y_LT15,2011,GE1000000,324965
ES,M,Y15-29,2011,0-1000,105345
ES,M,Y15-29,2011,1000-9999,702495
ES,M,Y15-29,2011,10000-99999,1616665
ES,M,Y15-29,2011,100000-499999,939665
ES,M,Y15-29,2011,500000-999999,231105
ES,M,Y15-29,2011,GE1000000,377630
ES,M,Y30-49,2011,0-1000,230075
ES,M,Y30-49,2011,1000-9999,1400275
ES,M,Y30-49,2011,10000-99999,3189875
ES,M,Y30-49,2011,100000-499999,1830915
ES,M,Y30-49,2011,500000-999999,442835
ES,M,Y30-49,2011,GE1000000,791355
ES,M,Y50-64,2011,0-1000,168615
ES,M,Y50-64,2011,1000-9999,778460
ES,M,Y50-64,2011,10000-99999,1597035
ES,M,Y50-64,2011,100000-499999,967280
ES,M,Y50-64,2011,500000-999999,235220
ES,M,Y50-64,2011,GE1000000,388565
ES,M,Y65-84,2011,0-1000,182815
ES,M,Y65-84,2011,1000-9999,636745
ES,M,Y65-84,2011,10000-99999,1099425
ES,M,Y65-84,2011,100000-499999,688990
ES,M,Y65-84,2011,500000-999999,175540
ES,M,Y65-84,2011,GE1000000,333570
FI,F,Y_GE85,2011,0-1000,15558
FI,F,Y_GE85,2011,1000-9999,19628
FI,F,Y_GE85,2011,10000-99999,22221
FI,F,Y_GE85,2011,100000-499999,13549
FI,F,Y_GE85,2011,500000-999999,0
FI,F,Y_GE85,2011,GE1000000,13063
FI,F,Y_LT15,2011,0-1000,93062
FI,F,Y_LT15,2011,1000-9999,70270
FI,F,Y_LT15,2011,10000-99999,101667
FI,F,Y_LT15,2011,100000-499999,76866
FI,F,Y_LT15,2011,500000-999999,0
FI,F,Y_LT15,2011,GE1000000,92167
FI,F,Y15-29,2011,0-1000,70668
FI,F,Y15-29,2011,1000-9999,62035
FI,F,Y15-29,2011,10000-99999,125668
FI,F,Y15-29,2011,100000-499999,109725
FI,F,Y15-29,2011,500000-999999,0
FI,F,Y15-29,2011,GE1000000,123080
FI,F,Y30-49,2011,0-1000,126362
FI,F,Y30-49,2011,1000-9999,96567
FI,F,Y30-49,2011,10000-99999,158335
FI,F,Y30-49,2011,100000-499999,125466
FI,F,Y30-49,2011,500000-999999,0
FI,F,Y30-49,2011,GE1000000,169727
FI,F,Y50-64,2011,0-1000,120193
FI,F,Y50-64,2011,1000-9999,96842
FI,F,Y50-64,2011,10000-99999,149784
FI,F,Y50-64,2011,100000-499999,99520
FI,F,Y50-64,2011,500000-999999,0
FI,F,Y50-64,2011,GE1000000,119525
FI,F,Y65-84,2011,0-1000,93650
FI,F,Y65-84,2011,1000-9999,88140
FI,F,Y65-84,2011,10000-99999,123273
FI,F,Y65-84,2011,100000-499999,78545
FI,F,Y65-84,2011,500000-999999,0
FI,F,Y65-84,2011,GE1000000,81704
FI,M,Y_GE85,2011,0-1000,7555
FI,M,Y_GE85,2011,1000-9999,6638
FI,M,Y_GE85,2011,10000-99999,7398
FI,M,Y_GE85,2011,100000-499999,4416
FI,M,Y_GE85,2011,500000-999999,0
FI,M,Y_GE85,2011,GE1000000,4134
FI,M,Y_LT15,2011,0-1000,98053
FI,M,Y_LT15,2011,1000-9999,73117
FI,M,Y_LT15,2011,10000-99999,106229
FI,M,Y_LT15,2011,100000-499999,80328
FI,M,Y_LT15,2011,500000-999999,0
FI,M,Y_LT15,2011,GE1000000,95918
FI,M,Y15-29,2011,0-1000,87770
FI,M,Y15-29,2011,1000-9999,68399
FI,M,Y15-29,2011,10000-99999,131245
FI,M,Y15-29,2011,100000-499999,109369
FI,M,Y15-29,2011,500000-999999,0
FI,M,Y15-29,2011,GE1000000,117968
FI,M,Y30-49,2011,0-1000,146595
FI,M,Y30-49,2011,1000-9999,98372
FI,M,Y30-49,2011,10000-99999,161016
FI,M,Y30-49,2011,100000-499999,129082
FI,M,Y30-49,2011,500000-999999,0
FI,M,Y30-49,2011,GE1000000,168432
FI,M,Y50-64,2011,0-1000,150247
FI,M,Y50-64,2011,1000-9999,93925
FI,M,Y50-64,2011,10000-99999,138821
FI,M,Y50-64,2011,100000-499999,89150
FI,M,Y50-64,2011,500000-999999,0
FI,M,Y50-64,2011,GE1000000,102670
FI,M,Y65-84,2011,0-1000,94060
FI,M,Y65-84,2011,1000-9999,65612
FI,M,Y65-84,2011,10000-99999,88751
FI,M,Y65-84,2011,100000-499999,55779
FI,M,Y65-84,2011,500000-999999,0
FI,M,Y65-84,2011,GE1000000,57367
FR,F,Y_GE85,2011,0-1000,143437
FR,F,Y_GE85,2011,1000-9999,432935
FR,F,Y_GE85,2011,10000-99999,384724
FR,F,Y_GE85,2011,100000-499999,126996
FR,F,Y_GE85,2011,500000-999999,17172
FR,F,Y_GE85,2011,GE1000000,38202
FR,F,Y_LT15,2011,0-1000,887777
FR,F,Y_LT15,2011,1000-9999,2172446
FR,F,Y_LT15,2011,10000-99999,2045833
FR,F,Y_LT15,2011,100000-499999,531463
FR,F,Y_LT15,2011,500000-999999,76316
FR,F,Y_LT15,2011,GE1000000,158566
FR,F,Y15-29,2011,0-1000,635457
FR,F,Y15-29,2011,1000-9999,1805462
FR,F,Y15-29,2011,10000-99999,2208278
FR,F,Y15-29,2011,100000-499999,967500
FR,F,Y15-29,2011,500000-999999,86808
FR,F,Y15-29,2011,GE1000000,283953
FR,F,Y30-49,2011,0-1000,1302306
FR,F,Y30-49,2011,1000-9999,3222545
FR,F,Y30-49,2011,10000-99999,3033090
FR,F,Y30-49,2011,100000-499999,865081
FR,F,Y30-49,2011,500000-999999,117729
FR,F,Y30-49,2011,GE1000000,339720
FR,F,Y50-64,2011,0-1000,976924
FR,F,Y50-64,2011,1000-9999,2411853
FR,F,Y50-64,2011,10000-99999,2121479
FR,F,Y50-64,2011,100000-499999,579431
FR,F,Y50-64,2011,500000-999999,79245
FR,F,Y50-64,2011,GE1000000,210922
FR,F,Y65-84,2011,0-1000,770919
FR,F,Y65-84,2011,1000-9999,1986779
FR,F,Y65-84,2011,10000-99999,1747106
FR,F,Y65-84,2011,100000-499999,501163
FR,F,Y65-84,2011,500000-999999,72490
FR,F,Y65-84,2011,GE1000000,158549
FR,M,Y_GE85,2011,0-1000,76486
FR,M,Y_GE85,2011,1000-9999,182409
FR,M,Y_GE85,2011,10000-99999,155747
FR,M,Y_GE85,2011,100000-499999,49184
FR,M,Y_GE85,2011,500000-999999,7134
FR,M,Y_GE85,2011,GE1000000,15163
FR,M,Y_LT15,2011,0-1000,932967
FR,M,Y_LT15,2011,1000-9999,2283295
FR,M,Y_LT15,2011,10000-99999,2141158
FR,M,Y_LT15,2011,100000-499999,556322
FR,M,Y_LT15,2011,500000-999999,78730
FR,M,Y_LT15,2011,GE1000000,163922
FR,M,Y15-29,2011,0-1000,682392
FR,M,Y15-29,2011,1000-9999,1921032
FR,M,Y15-29,2011,10000-99999,2203713
FR,M,Y15-29,2011,100000-499999,902271
FR,M,Y15-29,2011,500000-999999,84080
FR,M,Y15-29,2011,GE1000000,249591
FR,M,Y30-49,2011,0-1000,1344798
FR,M,Y30-49,2011,1000-9999,3151412
FR,M,Y30-49,2011,10000-99999,2874428
FR,M,Y30-49,2011,100000-499999,860367
FR,M,Y30-49,2011,500000-999999,108629
FR,M,Y30-49,2011,GE1000000,336142
FR,M,Y50-64,2011,0-1000,1037565
FR,M,Y50-64,2011,1000-9999,2350727
FR,M,Y50-64,2011,10000-99999,1895900
FR,M,Y50-64,2011,100000-499999,499348
FR,M,Y50-64,2011,500000-999999,69347
FR,M,Y50-64,2011,GE1000000,184092
FR,M,Y65-84,2011,0-1000,685891
FR,M,Y65-84,2011,1000-9999,1589323
FR,M,Y65-84,2011,10000-99999,1259069
FR,M,Y65-84,2011,100000-499999,336004
FR,M,Y65-84,2011,500000-999999,52955
FR,M,Y65-84,2011,GE1000000,111154
HR,F,Y_GE85,2011,0-1000,14448
HR,F,Y_GE85,2011,1000-9999,10328
HR,F,Y_GE85,2011,10000-99999,8731
HR,F,Y_GE85,2011,100000-499999,3537
HR,F,Y_GE85,2011,500000-999999,8079
HR,F,Y_GE85,2011,GE1000000,0
HR,F,Y_LT15,2011,0-1000,90976
HR,F,Y_LT15,2011,1000-9999,89862
HR,F,Y_LT15,2011,10000-99999,70320
HR,F,Y_LT15,2011,100000-499999,19345
HR,F,Y_LT15,2011,500000-999999,47200
HR,F,Y_LT15,2011,GE1000000,0
HR,F,Y15-29,2011,0-1000,107693
HR,F,Y15-29,2011,1000-9999,105082
HR,F,Y15-29,2011,10000-99999,86618
HR,F,Y15-29,2011,100000-499999,26375
HR,F,Y15-29,2011,500000-999999,63344
HR,F,Y15-29,2011,GE1000000,0
HR,F,Y30-49,2011,0-1000,151348
HR,F,Y30-49,2011,1000-9999,152353
HR,F,Y30-49,2011,10000-99999,135020
HR,F,Y30-49,2011,100000-499999,41639
HR,F,Y30-49,2011,500000-999999,103476
HR,F,Y30-49,2011,GE1000000,0
HR,F,Y50-64,2011,0-1000,124188
HR,F,Y50-64,2011,1000-9999,120960
HR,F,Y50-64,2011,10000-99999,105433
HR,F,Y50-64,2011,100000-499999,35945
HR,F,Y50-64,2011,500000-999999,78952
HR,F,Y50-64,2011,GE1000000,0
HR,F,Y65-84,2011,0-1000,133577
HR,F,Y65-84,2011,1000-9999,100319
HR,F,Y65-84,2011,10000-99999,87509
HR,F,Y65-84,2011,100000-499999,28754
HR,F,Y65-84,2011,500000-999999,67143
HR,F,Y65-84,2011,GE1000000,0
HR,M,Y_GE85,2011,0-1000,4702
HR,M,Y_GE85,2011,1000-9999,3326
HR,M,Y_GE85,2011,10000-99999,2951
HR,M,Y_GE85,2011,100000-499999,1509
HR,M,Y_GE85,2011,500000-999999,2989
HR,M,Y_GE85,2011,GE1000000,0
HR,M,Y_LT15,2011,0-1000,95807
HR,M,Y_LT15,2011,1000-9999,94405
HR,M,Y_LT15,2011,10000-99999,74423
HR,M,Y_LT15,2011,100000-499999,20263
HR,M,Y_LT15,2011,500000-999999,49827
HR,M,Y_LT15,2011,GE1000000,0
HR,M,Y15-29,2011,0-1000,116260
HR,M,Y15-29,2011,1000-9999,111523
HR,M,Y15-29,2011,10000-99999,88276
HR,M,Y15-29,2011,100000-499999,26838
HR,M,Y15-29,2011,500000-999999,62892
HR,M,Y15-29,2011,GE1000000,0
HR,M,Y30-49,2011,0-1000,167530
HR,M,Y30-49,2011,1000-9999,156776
HR,M,Y30-49,2011,10000-99999,129850
HR,M,Y30-49,2011,100000-499999,40025
HR,M,Y30-49,2011,500000-999999,95850
HR,M,Y30-49,2011,GE1000000,0
HR,M,Y50-64,2011,0-1000,135655
HR,M,Y50-64,2011,1000-9999,117952
HR,M,Y50-64,2011,10000-99999,90798
HR,M,Y50-64,2011,100000-499999,31109
HR,M,Y50-64,2011,500000-999999,64068
HR,M,Y50-64,2011,GE1000000,0
HR,M,Y65-84,2011,0-1000,87825
HR,M,Y65-84,2011,1000-9999,69766
HR,M,Y65-84,2011,10000-99999,58631
HR,M,Y65-84,2011,100000-499999,20166
HR,M,Y65-84,2011,500000-999999,44343
HR,M,Y65-84,2011,GE1000000,0
HU,F,Y_GE85,2011,0-1000,9574
HU,F,Y_GE85,2011,1000-9999,36949
HU,F,Y_GE85,2011,10000-99999,34040
HU,F,Y_GE85,2011,100000-499999,13009
HU,F,Y_GE85,2011,500000-999999,0
HU,F,Y_GE85,2011,GE1000000,27906
HU,F,Y_LT15,2011,0-1000,56601
HU,F,Y_LT15,2011,1000-9999,251414
HU,F,Y_LT15,2011,10000-99999,216205
HU,F,Y_LT15,2011,100000-499999,77667
HU,F,Y_LT15,2011,500000-999999,0
HU,F,Y_LT15,2011,GE1000000,102527
HU,F,Y15-29,2011,0-1000,61842
HU,F,Y15-29,2011,1000-9999,278926
HU,F,Y15-29,2011,10000-99999,263299
HU,F,Y15-29,2011,100000-499999,121127
HU,F,Y15-29,2011,500000-999999,0
HU,F,Y15-29,2011,GE1000000,166524
HU,F,Y30-49,2011,0-1000,99951
HU,F,Y30-49,2011,1000-9999,454930
HU,F,Y30-49,2011,10000-99999,445791
HU,F,Y30-49,2011,100000-499999,172784
HU,F,Y30-49,2011,500000-999999,0
HU,F,Y30-49,2011,GE1000000,269955
HU,F,Y50-64,2011,0-1000,82609
HU,F,Y50-64,2011,1000-9999,362786
HU,F,Y50-64,2011,10000-99999,350193
HU,F,Y50-64,2011,100000-499999,132558
HU,F,Y50-64,2011,500000-999999,0
HU,F,Y50-64,2011,GE1000000,191896
HU,F,Y65-84,2011,0-1000,78778
HU,F,Y65-84,2011,1000-9999,300205
HU,F,Y65-84,2011,10000-99999,275723
HU,F,Y65-84,2011,100000-499999,105772
HU,F,Y65-84,2011,500000-999999,0
HU,F,Y65-84,2011,GE1000000,177608
HU,M,Y_GE85,2011,0-1000,3653
HU,M,Y_GE85,2011,1000-9999,12883
HU,M,Y_GE85,2011,10000-99999,11957
HU,M,Y_GE85,2011,100000-499999,4738
HU,M,Y_GE85,2011,500000-999999,0
HU,M,Y_GE85,2011,GE1000000,10308
HU,M,Y_LT15,2011,0-1000,60169
HU,M,Y_LT15,2011,1000-9999,265946
HU,M,Y_LT15,2011,10000-99999,228091
HU,M,Y_LT15,2011,100000-499999,80926
HU,M,Y_LT15,2011,500000-999999,0
HU,M,Y_LT15,2011,GE1000000,108113
HU,M,Y15-29,2011,0-1000,69570
HU,M,Y15-29,2011,1000-9999,304844
HU,M,Y15-29,2011,10000-99999,274952
HU,M,Y15-29,2011,100000-499999,120757
HU,M,Y15-29,2011,500000-999999,0
HU,M,Y15-29,2011,GE1000000,161229
HU,M,Y30-49,2011,0-1000,108895
HU,M,Y30-49,2011,1000-9999,478347
HU,M,Y30-49,2011,10000-99999,443417
HU,M,Y30-49,2011,100000-499999,166084
HU,M,Y30-49,2011,500000-999999,0
HU,M,Y30-49,2011,GE1000000,256952
HU,M,Y50-64,2011,0-1000,83251
HU,M,Y50-64,2011,1000-9999,341668
HU,M,Y50-64,2011,10000-99999,295585
HU,M,Y50-64,2011,100000-499999,104624
HU,M,Y50-64,2011,500000-999999,0
HU,M,Y50-64,2011,GE1000000,147503
HU,M,Y65-84,2011,0-1000,45784
HU,M,Y65-84,2011,1000-9999,181888
HU,M,Y65-84,2011,10000-99999,173447
HU,M,Y65-84,2011,100000-499999,64379
HU,M,Y65-84,2011,500000-999999,0
HU,M,Y65-84,2011,GE1000000,108519
IE,F,Y_GE85,2011,0-1000,15888
IE,F,Y_GE85,2011,1000-9999,6225
IE,F,Y_GE85,2011,10000-99999,6656
IE,F,Y_GE85,2011,100000-499999,1654
IE,F,Y_GE85,2011,500000-999999,0
IE,F,Y_GE85,2011,GE1000000,9401
IE,F,Y_LT15,2011,0-1000,180191
IE,F,Y_LT15,2011,1000-9999,77997
IE,F,Y_LT15,2011,10000-99999,100587
IE,F,Y_LT15,2011,100000-499999,17383
IE,F,Y_LT15,2011,500000-999999,0
IE,F,Y_LT15,2011,GE1000000,100631
IE,F,Y15-29,2011,0-1000,140285
IE,F,Y15-29,2011,1000-9999,70452
IE,F,Y15-29,2011,10000-99999,108008
IE,F,Y15-29,2011,100000-499999,24307
IE,F,Y15-29,2011,500000-999999,0
IE,F,Y15-29,2011,GE1000000,132016
IE,F,Y30-49,2011,0-1000,234355
IE,F,Y30-49,2011,1000-9999,109346
IE,F,Y30-49,2011,10000-99999,149881
IE,F,Y30-49,2011,100000-499999,29354
IE,F,Y30-49,2011,500000-999999,0
IE,F,Y30-49,2011,GE1000000,173002
IE,F,Y50-64,2011,0-1000,146367
IE,F,Y50-64,2011,1000-9999,48750
IE,F,Y50-64,2011,10000-99999,69444
IE,F,Y50-64,2011,100000-499999,16028
IE,F,Y50-64,2011,500000-999999,0
IE,F,Y50-64,2011,GE1000000,86010
IE,F,Y65-84,2011,0-1000,95219
IE,F,Y65-84,2011,1000-9999,35383
IE,F,Y65-84,2011,10000-99999,45091
IE,F,Y65-84,2011,100000-499999,11758
IE,F,Y65-84,2011,500000-999999,0
IE,F,Y65-84,2011,GE1000000,62713
IE,M,Y_GE85,2011,0-1000,8343
IE,M,Y_GE85,2011,1000-9999,2660
IE,M,Y_GE85,2011,10000-99999,2724
IE,M,Y_GE85,2011,100000-499999,680
IE,M,Y_GE85,2011,500000-999999,0
IE,M,Y_GE85,2011,GE1000000,4011
IE,M,Y_LT15,2011,0-1000,190348
IE,M,Y_LT15,2011,1000-9999,80974
IE,M,Y_LT15,2011,10000-99999,104895
IE,M,Y_LT15,2011,100000-499999,18423
IE,M,Y_LT15,2011,500000-999999,0
IE,M,Y_LT15,2011,GE1000000,105287
IE,M,Y15-29,2011,0-1000,149724
IE,M,Y15-29,2011,1000-9999,64735
IE,M,Y15-29,2011,10000-99999,102418
IE,M,Y15-29,2011,100000-499999,23533
IE,M,Y15-29,2011,500000-999999,0
IE,M,Y15-29,2011,GE1000000,127010
IE,M,Y30-49,2011,0-1000,239638
IE,M,Y30-49,2011,1000-9999,108245
IE,M,Y30-49,2011,10000-99999,147485
IE,M,Y30-49,2011,100000-499999,29101
IE,M,Y30-49,2011,500000-999999,0
IE,M,Y30-49,2011,GE1000000,169493
IE,M,Y50-64,2011,0-1000,158299
IE,M,Y50-64,2011,1000-9999,48134
IE,M,Y50-64,2011,10000-99999,66274
IE,M,Y50-64,2011,100000-499999,15290
IE,M,Y50-64,2011,500000-999999,0
IE,M,Y50-64,2011,GE1000000,79625
IE,M,Y65-84,2011,0-1000,96990
IE,M,Y65-84,2011,1000-9999,29815
IE,M,Y65-84,2011,10000-99999,37413
IE,M,Y65-84,2011,100000-499999,9587
IE,M,Y65-84,2011,500000-999999,0
IE,M,Y65-84,2011,GE1000000,49352
IS,F,Y_GE85,2011,0-1000,329
IS,F,Y_GE85,2011,1000-9999,494
IS,F,Y_GE85,2011,10000-99999,262
IS,F,Y_GE85,2011,100000-499999,2180
IS,F,Y_GE85,2011,500000-999999,0
IS,F,Y_GE85,2011,GE1000000,0
IS,F,Y_LT15,2011,0-1000,3463
IS,F,Y_LT15,2011,1000-9999,5350
IS,F,Y_LT15,2011,10000-99999,3490
IS,F,Y_LT15,2011,100000-499999,19823
IS,F,Y_LT15,2011,500000-999999,0
IS,F,Y_LT15,2011,GE1000000,0
IS,F,Y15-29,2011,0-1000,3496
IS,F,Y15-29,2011,1000-9999,4790
IS,F,Y15-29,2011,10000-99999,3415
IS,F,Y15-29,2011,100000-499999,21615
IS,F,Y15-29,2011,500000-999999,0
IS,F,Y15-29,2011,GE1000000,0
IS,F,Y30-49,2011,0-1000,4431
IS,F,Y30-49,2011,1000-9999,6510
IS,F,Y30-49,2011,10000-99999,4299
IS,F,Y30-49,2011,100000-499999,27164
IS,F,Y30-49,2011,500000-999999,0
IS,F,Y30-49,2011,GE1000000,0
IS,F,Y50-64,2011,0-1000,3358
IS,F,Y50-64,2011,1000-9999,4370
IS,F,Y50-64,2011,10000-99999,2673
IS,F,Y50-64,2011,100000-499999,17518
IS,F,Y50-64,2011,500000-999999,0
IS,F,Y50-64,2011,GE1000000,0
IS,F,Y65-84,2011,0-1000,2220
IS,F,Y65-84,2011,1000-9999,2956
IS,F,Y65-84,2011,10000-99999,1710
IS,F,Y65-84,2011,100000-499999,11489
IS,F,Y65-84,2011,500000-999999,0
IS,F,Y65-84,2011,GE1000000,0
IS,M,Y_GE85,2011,0-1000,263
IS,M,Y_GE85,2011,1000-9999,327
IS,M,Y_GE85,2011,10000-99999,150
IS,M,Y_GE85,2011,100000-499999,1137
IS,M,Y_GE85,2011,500000-999999,0
IS,M,Y_GE85,2011,GE1000000,0
IS,M,Y_LT15,2011,0-1000,3650
IS,M,Y_LT15,2011,1000-9999,5724
IS,M,Y_LT15,2011,10000-99999,3665
IS,M,Y_LT15,2011,100000-499999,20550
IS,M,Y_LT15,2011,500000-999999,0
IS,M,Y_LT15,2011,GE1000000,0
IS,M,Y15-29,2011,0-1000,3990
IS,M,Y15-29,2011,1000-9999,5460
IS,M,Y15-29,2011,10000-99999,3577
IS,M,Y15-29,2011,100000-499999,21796
IS,M,Y15-29,2011,500000-999999,0
IS,M,Y15-29,2011,GE1000000,0
IS,M,Y30-49,2011,0-1000,4625
IS,M,Y30-49,2011,1000-9999,6599
IS,M,Y30-49,2011,10000-99999,4146
IS,M,Y30-49,2011,100000-499999,27371
IS,M,Y30-49,2011,500000-999999,0
IS,M,Y30-49,2011,GE1000000,0
IS,M,Y50-64,2011,0-1000,3920
IS,M,Y50-64,2011,1000-9999,4596
IS,M,Y50-64,2011,10000-99999,2698
IS,M,Y50-64,2011,100000-499999,17142
IS,M,Y50-64,2011,500000-999999,0
IS,M,Y50-64,2011,GE1000000,0
IS,M,Y65-84,2011,0-1000,2567
IS,M,Y65-84,2011,1000-9999,2882
IS,M,Y65-84,2011,10000-99999,1536
IS,M,Y65-84,2011,100000-499999,9780
IS,M,Y65-84,2011,500000-999999,0
IS,M,Y65-84,2011,GE1000000,0
IT,F,Y_GE85,2011,0-1000,167310
IT,F,Y_GE85,2011,1000-9999,357248
IT,F,Y_GE85,2011,10000-99999,391063
IT,F,Y_GE85,2011,100000-499999,120280
IT,F,Y_GE85,2011,500000-999999,61990
IT,F,Y_GE85,2011,GE1000000,79770
IT,F,Y_LT15,2011,0-1000,510841
IT,F,Y_LT15,2011,1000-9999,1301953
IT,F,Y_LT15,2011,10000-99999,1500258
IT,F,Y_LT15,2011,100000-499999,300650
IT,F,Y_LT15,2011,500000-999999,204045
IT,F,Y_LT15,2011,GE1000000,223263
IT,F,Y15-29,2011,0-1000,571458
IT,F,Y15-29,2011,1000-9999,1423897
IT,F,Y15-29,2011,10000-99999,1707222
IT,F,Y15-29,2011,100000-499999,344638
IT,F,Y15-29,2011,500000-999999,238385
IT,F,Y15-29,2011,GE1000000,234950
IT,F,Y30-49,2011,0-1000,1139235
IT,F,Y30-49,2011,1000-9999,2850738
IT,F,Y30-49,2011,10000-99999,3289429
IT,F,Y30-49,2011,100000-499999,724518
IT,F,Y30-49,2011,500000-999999,454028
IT,F,Y30-49,2011,GE1000000,566082
IT,F,Y50-64,2011,0-1000,763890
IT,F,Y50-64,2011,1000-9999,1836829
IT,F,Y50-64,2011,10000-99999,2173318
IT,F,Y50-64,2011,100000-499999,505473
IT,F,Y50-64,2011,500000-999999,320313
IT,F,Y50-64,2011,GE1000000,372541
IT,F,Y65-84,2011,0-1000,751530
IT,F,Y65-84,2011,1000-9999,1778370
IT,F,Y65-84,2011,10000-99999,2121700
IT,F,Y65-84,2011,100000-499999,551270
IT,F,Y65-84,2011,500000-999999,334204
IT,F,Y65-84,2011,GE1000000,415548
IT,M,Y_GE85,2011,0-1000,78335
IT,M,Y_GE85,2011,1000-9999,155038
IT,M,Y_GE85,2011,10000-99999,169755
IT,M,Y_GE85,2011,100000-499999,50989
IT,M,Y_GE85,2011,500000-999999,25788
IT,M,Y_GE85,2011,GE1000000,33579
IT,M,Y_LT15,2011,0-1000,542079
IT,M,Y_LT15,2011,1000-9999,1381378
IT,M,Y_LT15,2011,10000-99999,1589586
IT,M,Y_LT15,2011,100000-499999,319237
IT,M,Y_LT15,2011,500000-999999,215411
IT,M,Y_LT15,2011,GE1000000,237342
IT,M,Y15-29,2011,0-1000,605804
IT,M,Y15-29,2011,1000-9999,1470879
IT,M,Y15-29,2011,10000-99999,1752638
IT,M,Y15-29,2011,100000-499999,353817
IT,M,Y15-29,2011,500000-999999,246821
IT,M,Y15-29,2011,GE1000000,246847
IT,M,Y30-49,2011,0-1000,1185846
IT,M,Y30-49,2011,1000-9999,2875666
IT,M,Y30-49,2011,10000-99999,3186498
IT,M,Y30-49,2011,100000-499999,687215
IT,M,Y30-49,2011,500000-999999,427740
IT,M,Y30-49,2011,GE1000000,526412
IT,M,Y50-64,2011,0-1000,803712
IT,M,Y50-64,2011,1000-9999,1793023
IT,M,Y50-64,2011,10000-99999,1994380
IT,M,Y50-64,2011,100000-499999,444680
IT,M,Y50-64,2011,500000-999999,284768
IT,M,Y50-64,2011,GE1000000,319039
IT,M,Y65-84,2011,0-1000,664248
IT,M,Y65-84,2011,1000-9999,1463944
IT,M,Y65-84,2011,10000-99999,1662383
IT,M,Y65-84,2011,100000-499999,405355
IT,M,Y65-84,2011,500000-999999,244916
IT,M,Y65-84,2011,GE1000000,300359
LI,F,Y_GE85,2011,0-1000,0
LI,F,Y_GE85,2011,1000-9999,377
LI,F,Y_GE85,2011,10000-99999,0
LI,F,Y_GE85,2011,100000-499999,0
LI,F,Y_GE85,2011,500000-999999,0
LI,F,Y_GE85,2011,GE1000000,0
LI,F,Y_LT15,2011,0-1000,0
LI,F,Y_LT15,2011,1000-9999,2829
LI,F,Y_LT15,2011,10000-99999,0
LI,F,Y_LT15,2011,100000-499999,0
LI,F,Y_LT15,2011,500000-999999,0
LI,F,Y_LT15,2011,GE1000000,0
LI,F,Y15-29,2011,0-1000,0
LI,F,Y15-29,2011,1000-9999,3231
LI,F,Y15-29,2011,10000-99999,0
LI,F,Y15-29,2011,100000-499999,0
LI,F,Y15-29,2011,500000-999999,0
LI,F,Y15-29,2011,GE1000000,0
LI,F,Y30-49,2011,0-1000,0
LI,F,Y30-49,2011,1000-9999,5640
LI,F,Y30-49,2011,10000-99999,0
LI,F,Y30-49,2011,100000-499999,0
LI,F,Y30-49,2011,500000-999999,0
LI,F,Y30-49,2011,GE1000000,0
LI,F,Y50-64,2011,0-1000,0
LI,F,Y50-64,2011,1000-9999,3767
LI,F,Y50-64,2011,10000-99999,0
LI,F,Y50-64,2011,100000-499999,0
LI,F,Y50-64,2011,500000-999999,0
LI,F,Y50-64,2011,GE1000000,0
LI,F,Y65-84,2011,0-1000,0
LI,F,Y65-84,2011,1000-9999,2419
LI,F,Y65-84,2011,10000-99999,0
LI,F,Y65-84,2011,100000-499999,0
LI,F,Y65-84,2011,500000-999999,0
LI,F,Y65-84,2011,GE1000000,0
LI,M,Y_GE85,2011,0-1000,0
LI,M,Y_GE85,2011,1000-9999,163
LI,M,Y_GE85,2011,10000-99999,0
LI,M,Y_GE85,2011,100000-499999,0
LI,M,Y_GE85,2011,500000-999999,0
LI,M,Y_GE85,2011,GE1000000,0
LI,M,Y_LT15,2011,0-1000,0
LI,M,Y_LT15,2011,1000-9999,2946
LI,M,Y_LT15,2011,10000-99999,0
LI,M,Y_LT15,2011,100000-499999,0
LI,M,Y_LT15,2011,500000-999999,0
LI,M,Y_LT15,2011,GE1000000,0
LI,M,Y15-29,2011,0-1000,0
LI,M,Y15-29,2011,1000-9999,3368
LI,M,Y15-29,2011,10000-99999,0
LI,M,Y15-29,2011,100000-499999,0
LI,M,Y15-29,2011,500000-999999,0
LI,M,Y15-29,2011,GE1000000,0
LI,M,Y30-49,2011,0-1000,0
LI,M,Y30-49,2011,1000-9999,5554
LI,M,Y30-49,2011,10000-99999,0
LI,M,Y30-49,2011,100000-499999,0
LI,M,Y30-49,2011,500000-999999,0
LI,M,Y30-49,2011,GE1000000,0
LI,M,Y50-64,2011,0-1000,0
LI,M,Y50-64,2011,1000-9999,3792
LI,M,Y50-64,2011,10000-99999,0
LI,M,Y50-64,2011,100000-499999,0
LI,M,Y50-64,2011,500000-999999,0
LI,M,Y50-64,2011,GE1000000,0
LI,M,Y65-84,2011,0-1000,0
LI,M,Y65-84,2011,1000-9999,2063
LI,M,Y65-84,2011,10000-99999,0
LI,M,Y65-84,2011,100000-499999,0
LI,M,Y65-84,2011,500000-999999,0
LI,M,Y65-84,2011,GE1000000,0
LT,F,Y_GE85,2011,0-1000,13532
LT,F,Y_GE85,2011,1000-9999,5219
LT,F,Y_GE85,2011,10000-99999,8125
LT,F,Y_GE85,2011,100000-499999,7472
LT,F,Y_GE85,2011,500000-999999,5457
LT,F,Y_GE85,2011,GE1000000,0
LT,F,Y_LT15,2011,0-1000,65300
LT,F,Y_LT15,2011,1000-9999,28983
LT,F,Y_LT15,2011,10000-99999,48123
LT,F,Y_LT15,2011,100000-499999,40737
LT,F,Y_LT15,2011,500000-999999,37575
LT,F,Y_LT15,2011,GE1000000,0
LT,F,Y15-29,2011,0-1000,78885
LT,F,Y15-29,2011,1000-9999,37807
LT,F,Y15-29,2011,10000-99999,63731
LT,F,Y15-29,2011,100000-499999,62864
LT,F,Y15-29,2011,500000-999999,62829
LT,F,Y15-29,2011,GE1000000,0
LT,F,Y30-49,2011,0-1000,110003
LT,F,Y30-49,2011,1000-9999,56604
LT,F,Y30-49,2011,10000-99999,100465
LT,F,Y30-49,2011,100000-499999,84955
LT,F,Y30-49,2011,500000-999999,80545
LT,F,Y30-49,2011,GE1000000,0
LT,F,Y50-64,2011,0-1000,78356
LT,F,Y50-64,2011,1000-9999,43344
LT,F,Y50-64,2011,10000-99999,76496
LT,F,Y50-64,2011,100000-499999,66153
LT,F,Y50-64,2011,500000-999999,56199
LT,F,Y50-64,2011,GE1000000,0
LT,F,Y65-84,2011,0-1000,100900
LT,F,Y65-84,2011,1000-9999,40816
LT,F,Y65-84,2011,10000-99999,69037
LT,F,Y65-84,2011,100000-499999,63346
LT,F,Y65-84,2011,500000-999999,46967
LT,F,Y65-84,2011,GE1000000,0
LT,M,Y_GE85,2011,0-1000,3854
LT,M,Y_GE85,2011,1000-9999,1489
LT,M,Y_GE85,2011,10000-99999,2342
LT,M,Y_GE85,2011,100000-499999,2196
LT,M,Y_GE85,2011,500000-999999,1533
LT,M,Y_GE85,2011,GE1000000,0
LT,M,Y_LT15,2011,0-1000,68918
LT,M,Y_LT15,2011,1000-9999,30688
LT,M,Y_LT15,2011,10000-99999,50734
LT,M,Y_LT15,2011,100000-499999,42753
LT,M,Y_LT15,2011,500000-999999,39401
LT,M,Y_LT15,2011,GE1000000,0
LT,M,Y15-29,2011,0-1000,91150
LT,M,Y15-29,2011,1000-9999,41956
LT,M,Y15-29,2011,10000-99999,66751
LT,M,Y15-29,2011,100000-499999,60552
LT,M,Y15-29,2011,500000-999999,58193
LT,M,Y15-29,2011,GE1000000,0
LT,M,Y30-49,2011,0-1000,120595
LT,M,Y30-49,2011,1000-9999,53002
LT,M,Y30-49,2011,10000-99999,87957
LT,M,Y30-49,2011,100000-499999,74960
LT,M,Y30-49,2011,500000-999999,70938
LT,M,Y30-49,2011,GE1000000,0
LT,M,Y50-64,2011,0-1000,78664
LT,M,Y50-64,2011,1000-9999,34890
LT,M,Y50-64,2011,10000-99999,58038
LT,M,Y50-64,2011,100000-499999,48181
LT,M,Y50-64,2011,500000-999999,39228
LT,M,Y50-64,2011,GE1000000,0
LT,M,Y65-84,2011,0-1000,55944
LT,M,Y65-84,2011,1000-9999,22074
LT,M,Y65-84,2011,10000-99999,36570
LT,M,Y65-84,2011,100000-499999,33512
LT,M,Y65-84,2011,500000-999999,25541
LT,M,Y65-84,2011,GE1000000,0
LU,F,Y_GE85,2011,0-1000,81
LU,F,Y_GE85,2011,1000-9999,3297
LU,F,Y_GE85,2011,10000-99999,2620
LU,F,Y_GE85,2011,100000-499999,0
LU,F,Y_GE85,2011,500000-999999,0
LU,F,Y_GE85,2011,GE1000000,0
LU,F,Y_LT15,2011,0-1000,1082
LU,F,Y_LT15,2011,1000-9999,25205
LU,F,Y_LT15,2011,10000-99999,16883
LU,F,Y_LT15,2011,100000-499999,0
LU,F,Y_LT15,2011,500000-999999,0
LU,F,Y_LT15,2011,GE1000000,0
LU,F,Y15-29,2011,0-1000,1119
LU,F,Y15-29,2011,1000-9999,26613
LU,F,Y15-29,2011,10000-99999,19991
LU,F,Y15-29,2011,100000-499999,0
LU,F,Y15-29,2011,500000-999999,0
LU,F,Y15-29,2011,GE1000000,0
LU,F,Y30-49,2011,0-1000,1813
LU,F,Y30-49,2011,1000-9999,44610
LU,F,Y30-49,2011,10000-99999,33583
LU,F,Y30-49,2011,100000-499999,0
LU,F,Y30-49,2011,500000-999999,0
LU,F,Y30-49,2011,GE1000000,0
LU,F,Y50-64,2011,0-1000,974
LU,F,Y50-64,2011,1000-9999,27006
LU,F,Y50-64,2011,10000-99999,17484
LU,F,Y50-64,2011,100000-499999,0
LU,F,Y50-64,2011,500000-999999,0
LU,F,Y50-64,2011,GE1000000,0
LU,F,Y65-84,2011,0-1000,637
LU,F,Y65-84,2011,1000-9999,19756
LU,F,Y65-84,2011,10000-99999,14632
LU,F,Y65-84,2011,100000-499999,0
LU,F,Y65-84,2011,500000-999999,0
LU,F,Y65-84,2011,GE1000000,0
LU,M,Y_GE85,2011,0-1000,28
LU,M,Y_GE85,2011,1000-9999,1205
LU,M,Y_GE85,2011,10000-99999,963
LU,M,Y_GE85,2011,100000-499999,0
LU,M,Y_GE85,2011,500000-999999,0
LU,M,Y_GE85,2011,GE1000000,0
LU,M,Y_LT15,2011,0-1000,1075
LU,M,Y_LT15,2011,1000-9999,26632
LU,M,Y_LT15,2011,10000-99999,17760
LU,M,Y_LT15,2011,100000-499999,0
LU,M,Y_LT15,2011,500000-999999,0
LU,M,Y_LT15,2011,GE1000000,0
LU,M,Y15-29,2011,0-1000,1105
LU,M,Y15-29,2011,1000-9999,27891
LU,M,Y15-29,2011,10000-99999,20324
LU,M,Y15-29,2011,100000-499999,0
LU,M,Y15-29,2011,500000-999999,0
LU,M,Y15-29,2011,GE1000000,0
LU,M,Y30-49,2011,0-1000,1861
LU,M,Y30-49,2011,1000-9999,44063
LU,M,Y30-49,2011,10000-99999,36105
LU,M,Y30-49,2011,100000-499999,0
LU,M,Y30-49,2011,500000-999999,0
LU,M,Y30-49,2011,GE1000000,0
LU,M,Y50-64,2011,0-1000,1131
LU,M,Y50-64,2011,1000-9999,28097
LU,M,Y50-64,2011,10000-99999,18204
LU,M,Y50-64,2011,100000-499999,0
LU,M,Y50-64,2011,500000-999999,0
LU,M,Y50-64,2011,GE1000000,0
LU,M,Y65-84,2011,0-1000,584
LU,M,Y65-84,2011,1000-9999,16699
LU,M,Y65-84,2011,10000-99999,11240
LU,M,Y65-84,2011,100000-499999,0
LU,M,Y65-84,2011,500000-999999,0
LU,M,Y65-84,2011,GE1000000,0
LV,F,Y_GE85,2011,0-1000,2809
LV,F,Y_GE85,2011,1000-9999,8132
LV,F,Y_GE85,2011,10000-99999,6927
LV,F,Y_GE85,2011,100000-499999,0
LV,F,Y_GE85,2011,500000-999999,9366
LV,F,Y_GE85,2011,GE1000000,0
LV,F,Y_LT15,2011,0-1000,13737
LV,F,Y_LT15,2011,1000-9999,44611
LV,F,Y_LT15,2011,10000-99999,43676
LV,F,Y_LT15,2011,100000-499999,0
LV,F,Y_LT15,2011,500000-999999,41620
LV,F,Y_LT15,2011,GE1000000,0
LV,F,Y15-29,2011,0-1000,19684
LV,F,Y15-29,2011,1000-9999,60074
LV,F,Y15-29,2011,10000-99999,59211
LV,F,Y15-29,2011,100000-499999,0
LV,F,Y15-29,2011,500000-999999,68286
LV,F,Y15-29,2011,GE1000000,0
LV,F,Y30-49,2011,0-1000,24274
LV,F,Y30-49,2011,1000-9999,80965
LV,F,Y30-49,2011,10000-99999,86922
LV,F,Y30-49,2011,100000-499999,0
LV,F,Y30-49,2011,500000-999999,96885
LV,F,Y30-49,2011,GE1000000,0
LV,F,Y50-64,2011,0-1000,19489
LV,F,Y50-64,2011,1000-9999,63357
LV,F,Y50-64,2011,10000-99999,66521
LV,F,Y50-64,2011,100000-499999,0
LV,F,Y50-64,2011,500000-999999,77481
LV,F,Y50-64,2011,GE1000000,0
LV,F,Y65-84,2011,0-1000,24139
LV,F,Y65-84,2011,1000-9999,67325
LV,F,Y65-84,2011,10000-99999,63893
LV,F,Y65-84,2011,100000-499999,0
LV,F,Y65-84,2011,500000-999999,74885
LV,F,Y65-84,2011,GE1000000,0
LV,M,Y_GE85,2011,0-1000,614
LV,M,Y_GE85,2011,1000-9999,1678
LV,M,Y_GE85,2011,10000-99999,1632
LV,M,Y_GE85,2011,100000-499999,0
LV,M,Y_GE85,2011,500000-999999,2201
LV,M,Y_GE85,2011,GE1000000,0
LV,M,Y_LT15,2011,0-1000,14753
LV,M,Y_LT15,2011,1000-9999,46201
LV,M,Y_LT15,2011,10000-99999,45702
LV,M,Y_LT15,2011,100000-499999,0
LV,M,Y_LT15,2011,500000-999999,43850
LV,M,Y_LT15,2011,GE1000000,0
LV,M,Y15-29,2011,0-1000,23184
LV,M,Y15-29,2011,1000-9999,66341
LV,M,Y15-29,2011,10000-99999,60365
LV,M,Y15-29,2011,100000-499999,0
LV,M,Y15-29,2011,500000-999999,66098
LV,M,Y15-29,2011,GE1000000,0
LV,M,Y30-49,2011,0-1000,27592
LV,M,Y30-49,2011,1000-9999,82159
LV,M,Y30-49,2011,10000-99999,80440
LV,M,Y30-49,2011,100000-499999,0
LV,M,Y30-49,2011,500000-999999,87146
LV,M,Y30-49,2011,GE1000000,0
LV,M,Y50-64,2011,0-1000,20190
LV,M,Y50-64,2011,1000-9999,55517
LV,M,Y50-64,2011,10000-99999,48701
LV,M,Y50-64,2011,100000-499999,0
LV,M,Y50-64,2011,500000-999999,54883
LV,M,Y50-64,2011,GE1000000,0
LV,M,Y65-84,2011,0-1000,13145
LV,M,Y65-84,2011,1000-9999,36020
LV,M,Y65-84,2011,10000-99999,31751
LV,M,Y65-84,2011,100000-499999,0
LV,M,Y65-84,2011,500000-999999,35939
LV,M,Y65-84,2011,GE1000000,0
MT,F,Y_GE85,2011,0-1000,32
MT,F,Y_GE85,2011,1000-9999,2379
MT,F,Y_GE85,2011,10000-99999,1874
MT,F,Y_GE85,2011,100000-499999,0
MT,F,Y_GE85,2011,500000-999999,0
MT,F,Y_GE85,2011,GE1000000,0
MT,F,Y_LT15,2011,0-1000,156
MT,F,Y_LT15,2011,1000-9999,14002
MT,F,Y_LT15,2011,10000-99999,15897
MT,F,Y_LT15,2011,100000-499999,0
MT,F,Y_LT15,2011,500000-999999,0
MT,F,Y_LT15,2011,GE1000000,0
MT,F,Y15-29,2011,0-1000,210
MT,F,Y15-29,2011,1000-9999,19613
MT,F,Y15-29,2011,10000-99999,21836
MT,F,Y15-29,2011,100000-499999,0
MT,F,Y15-29,2011,500000-999999,0
MT,F,Y15-29,2011,GE1000000,0
MT,F,Y30-49,2011,0-1000,255
MT,F,Y30-49,2011,1000-9999,24981
MT,F,Y30-49,2011,10000-99999,29076
MT,F,Y30-49,2011,100000-499999,0
MT,F,Y30-49,2011,500000-999999,0
MT,F,Y30-49,2011,GE1000000,0
MT,F,Y50-64,2011,0-1000,228
MT,F,Y50-64,2011,1000-9999,21937
MT,F,Y50-64,2011,10000-99999,23195
MT,F,Y50-64,2011,100000-499999,0
MT,F,Y50-64,2011,500000-999999,0
MT,F,Y50-64,2011,GE1000000,0
MT,F,Y65-84,2011,0-1000,221
MT,F,Y65-84,2011,1000-9999,17587
MT,F,Y65-84,2011,10000-99999,16328
MT,F,Y65-84,2011,100000-499999,0
MT,F,Y65-84,2011,500000-999999,0
MT,F,Y65-84,2011,GE1000000,0
MT,M,Y_GE85,2011,0-1000,17
MT,M,Y_GE85,2011,1000-9999,1216
MT,M,Y_GE85,2011,10000-99999,959
MT,M,Y_GE85,2011,100000-499999,0
MT,M,Y_GE85,2011,500000-999999,0
MT,M,Y_GE85,2011,GE1000000,0
MT,M,Y_LT15,2011,0-1000,168
MT,M,Y_LT15,2011,1000-9999,14795
MT,M,Y_LT15,2011,10000-99999,16710
MT,M,Y_LT15,2011,100000-499999,0
MT,M,Y_LT15,2011,500000-999999,0
MT,M,Y_LT15,2011,GE1000000,0
MT,M,Y15-29,2011,0-1000,221
MT,M,Y15-29,2011,1000-9999,20861
MT,M,Y15-29,2011,10000-99999,23211
MT,M,Y15-29,2011,100000-499999,0
MT,M,Y15-29,2011,500000-999999,0
MT,M,Y15-29,2011,GE1000000,0
MT,M,Y30-49,2011,0-1000,267
MT,M,Y30-49,2011,1000-9999,26443
MT,M,Y30-49,2011,10000-99999,30102
MT,M,Y30-49,2011,100000-499999,0
MT,M,Y30-49,2011,500000-999999,0
MT,M,Y30-49,2011,GE1000000,0
MT,M,Y50-64,2011,0-1000,245
MT,M,Y50-64,2011,1000-9999,21877
MT,M,Y50-64,2011,10000-99999,22955
MT,M,Y50-64,2011,100000-499999,0
MT,M,Y50-64,2011,500000-999999,0
MT,M,Y50-64,2011,GE1000000,0
MT,M,Y65-84,2011,0-1000,142
MT,M,Y65-84,2011,1000-9999,13841
MT,M,Y65-84,2011,10000-99999,13595
MT,M,Y65-84,2011,100000-499999,0
MT,M,Y65-84,2011,500000-999999,0
MT,M,Y65-84,2011,GE1000000,0
NL,F,Y_GE85,2011,0-1000,14630
NL,F,Y_GE85,2011,1000-9999,40459
NL,F,Y_GE85,2011,10000-99999,81097
NL,F,Y_GE85,2011,100000-499999,44517
NL,F,Y_GE85,2011,500000-999999,24214
NL,F,Y_GE85,2011,GE1000000,12837
NL,F,Y_LT15,2011,0-1000,163705
NL,F,Y_LT15,2011,1000-9999,246314
NL,F,Y_LT15,2011,10000-99999,530663
NL,F,Y_LT15,2011,100000-499999,272034
NL,F,Y_LT15,2011,500000-999999,126823
NL,F,Y_LT15,2011,GE1000000,80372
NL,F,Y15-29,2011,0-1000,137881
NL,F,Y15-29,2011,1000-9999,204837
NL,F,Y15-29,2011,10000-99999,510769
NL,F,Y15-29,2011,100000-499999,370621
NL,F,Y15-29,2011,500000-999999,161104
NL,F,Y15-29,2011,GE1000000,116185
NL,F,Y30-49,2011,0-1000,246988
NL,F,Y30-49,2011,1000-9999,377375
NL,F,Y30-49,2011,10000-99999,852634
NL,F,Y30-49,2011,100000-499999,483852
NL,F,Y30-49,2011,500000-999999,226026
NL,F,Y30-49,2011,GE1000000,161096
NL,F,Y50-64,2011,0-1000,210962
NL,F,Y50-64,2011,1000-9999,295125
NL,F,Y50-64,2011,10000-99999,627881
NL,F,Y50-64,2011,100000-499999,319667
NL,F,Y50-64,2011,500000-999999,143118
NL,F,Y50-64,2011,GE1000000,92027
NL,F,Y65-84,2011,0-1000,128917
NL,F,Y65-84,2011,1000-9999,234203
NL,F,Y65-84,2011,10000-99999,470664
NL,F,Y65-84,2011,100000-499999,236218
NL,F,Y65-84,2011,500000-999999,105264
NL,F,Y65-84,2011,GE1000000,61238
NL,M,Y_GE85,2011,0-1000,8373
NL,M,Y_GE85,2011,1000-9999,16360
NL,M,Y_GE85,2011,10000-99999,32289
NL,M,Y_GE85,2011,100000-499999,17558
NL,M,Y_GE85,2011,500000-999999,9264
NL,M,Y_GE85,2011,GE1000000,5121
NL,M,Y_LT15,2011,0-1000,172717
NL,M,Y_LT15,2011,1000-9999,257608
NL,M,Y_LT15,2011,10000-99999,555304
NL,M,Y_LT15,2011,100000-499999,284961
NL,M,Y_LT15,2011,500000-999999,132896
NL,M,Y_LT15,2011,GE1000000,83678
NL,M,Y15-29,2011,0-1000,165112
NL,M,Y15-29,2011,1000-9999,222937
NL,M,Y15-29,2011,10000-99999,526991
NL,M,Y15-29,2011,100000-499999,358806
NL,M,Y15-29,2011,500000-999999,163529
NL,M,Y15-29,2011,GE1000000,104239
NL,M,Y30-49,2011,0-1000,252950
NL,M,Y30-49,2011,1000-9999,376278
NL,M,Y30-49,2011,10000-99999,848211
NL,M,Y30-49,2011,100000-499999,494941
NL,M,Y30-49,2011,500000-999999,232861
NL,M,Y30-49,2011,GE1000000,167337
NL,M,Y50-64,2011,0-1000,234676
NL,M,Y50-64,2011,1000-9999,298017
NL,M,Y50-64,2011,10000-99999,615374
NL,M,Y50-64,2011,100000-499999,317923
NL,M,Y50-64,2011,500000-999999,142089
NL,M,Y50-64,2011,GE1000000,93359
NL,M,Y65-84,2011,0-1000,135383
NL,M,Y65-84,2011,1000-9999,200599
NL,M,Y65-84,2011,10000-99999,390562
NL,M,Y65-84,2011,100000-499999,190910
NL,M,Y65-84,2011,500000-999999,84077
NL,M,Y65-84,2011,GE1000000,50192
NO,F,Y_GE85,2011,0-1000,20281
NO,F,Y_GE85,2011,1000-9999,16391
NO,F,Y_GE85,2011,10000-99999,16340
NO,F,Y_GE85,2011,100000-499999,11956
NO,F,Y_GE85,2011,500000-999999,13083
NO,F,Y_GE85,2011,GE1000000,0
NO,F,Y_LT15,2011,0-1000,116507
NO,F,Y_LT15,2011,1000-9999,86899
NO,F,Y_LT15,2011,10000-99999,91003
NO,F,Y_LT15,2011,100000-499999,73581
NO,F,Y_LT15,2011,500000-999999,82475
NO,F,Y_LT15,2011,GE1000000,0
NO,F,Y15-29,2011,0-1000,112183
NO,F,Y15-29,2011,1000-9999,84241
NO,F,Y15-29,2011,10000-99999,96750
NO,F,Y15-29,2011,100000-499999,85021
NO,F,Y15-29,2011,500000-999999,97913
NO,F,Y15-29,2011,GE1000000,0
NO,F,Y30-49,2011,0-1000,163210
NO,F,Y30-49,2011,1000-9999,123183
NO,F,Y30-49,2011,10000-99999,137996
NO,F,Y30-49,2011,100000-499999,114370
NO,F,Y30-49,2011,500000-999999,142417
NO,F,Y30-49,2011,GE1000000,0
NO,F,Y50-64,2011,0-1000,123418
NO,F,Y50-64,2011,1000-9999,84768
NO,F,Y50-64,2011,10000-99999,96972
NO,F,Y50-64,2011,100000-499999,69060
NO,F,Y50-64,2011,500000-999999,75206
NO,F,Y50-64,2011,GE1000000,0
NO,F,Y65-84,2011,0-1000,94650
NO,F,Y65-84,2011,1000-9999,68973
NO,F,Y65-84,2011,10000-99999,76602
NO,F,Y65-84,2011,100000-499999,53647
NO,F,Y65-84,2011,500000-999999,55084
NO,F,Y65-84,2011,GE1000000,0
NO,M,Y_GE85,2011,0-1000,10912
NO,M,Y_GE85,2011,1000-9999,7090
NO,M,Y_GE85,2011,10000-99999,7189
NO,M,Y_GE85,2011,100000-499999,4992
NO,M,Y_GE85,2011,500000-999999,5619
NO,M,Y_GE85,2011,GE1000000,0
NO,M,Y_LT15,2011,0-1000,123677
NO,M,Y_LT15,2011,1000-9999,90517
NO,M,Y_LT15,2011,10000-99999,95865
NO,M,Y_LT15,2011,100000-499999,76879
NO,M,Y_LT15,2011,500000-999999,86365
NO,M,Y_LT15,2011,GE1000000,0
NO,M,Y15-29,2011,0-1000,122992
NO,M,Y15-29,2011,1000-9999,90386
NO,M,Y15-29,2011,10000-99999,102187
NO,M,Y15-29,2011,100000-499999,88913
NO,M,Y15-29,2011,500000-999999,94802
NO,M,Y15-29,2011,GE1000000,0
NO,M,Y30-49,2011,0-1000,181993
NO,M,Y30-49,2011,1000-9999,125101
NO,M,Y30-49,2011,10000-99999,140936
NO,M,Y30-49,2011,100000-499999,121953
NO,M,Y30-49,2011,500000-999999,149819
NO,M,Y30-49,2011,GE1000000,0
NO,M,Y50-64,2011,0-1000,140461
NO,M,Y50-64,2011,1000-9999,84505
NO,M,Y50-64,2011,10000-99999,93944
NO,M,Y50-64,2011,100000-499999,69193
NO,M,Y50-64,2011,500000-999999,75854
NO,M,Y50-64,2011,GE1000000,0
NO,M,Y65-84,2011,0-1000,95092
NO,M,Y65-84,2011,1000-9999,57590
NO,M,Y65-84,2011,10000-99999,62407
NO,M,Y65-84,2011,100000-499999,43644
NO,M,Y65-84,2011,500000-999999,44899
NO,M,Y65-84,2011,GE1000000,0
PL,F,Y_GE85,2011,0-1000,120741
PL,F,Y_GE85,2011,1000-9999,60550
PL,F,Y_GE85,2011,10000-99999,88240
PL,F,Y_GE85,2011,100000-499999,64833
PL,F,Y_GE85,2011,500000-999999,34651
PL,F,Y_GE85,2011,GE1000000,23711
PL,F,Y_LT15,2011,0-1000,880515
PL,F,Y_LT15,2011,1000-9999,541953
PL,F,Y_LT15,2011,10000-99999,707861
PL,F,Y_LT15,2011,100000-499999,418126
PL,F,Y_LT15,2011,500000-999999,159001
PL,F,Y_LT15,2011,GE1000000,108201
PL,F,Y15-29,2011,0-1000,1183166
PL,F,Y15-29,2011,1000-9999,739614
PL,F,Y15-29,2011,10000-99999,1050188
PL,F,Y15-29,2011,100000-499999,672531
PL,F,Y15-29,2011,500000-999999,278190
PL,F,Y15-29,2011,GE1000000,163201
PL,F,Y30-49,2011,0-1000,1360444
PL,F,Y30-49,2011,1000-9999,935866
PL,F,Y30-49,2011,10000-99999,1396478
PL,F,Y30-49,2011,100000-499999,906629
PL,F,Y30-49,2011,500000-999999,370454
PL,F,Y30-49,2011,GE1000000,249283
PL,F,Y50-64,2011,0-1000,960619
PL,F,Y50-64,2011,1000-9999,688488
PL,F,Y50-64,2011,10000-99999,1245529
PL,F,Y50-64,2011,100000-499999,813862
PL,F,Y50-64,2011,500000-999999,339554
PL,F,Y50-64,2011,GE1000000,208681
PL,F,Y65-84,2011,0-1000,761070
PL,F,Y65-84,2011,1000-9999,437884
PL,F,Y65-84,2011,10000-99999,729005
PL,F,Y65-84,2011,100000-499999,524482
PL,F,Y65-84,2011,500000-999999,238307
PL,F,Y65-84,2011,GE1000000,162270
PL,M,Y_GE85,2011,0-1000,44239
PL,M,Y_GE85,2011,1000-9999,19973
PL,M,Y_GE85,2011,10000-99999,29114
PL,M,Y_GE85,2011,100000-499999,22893
PL,M,Y_GE85,2011,500000-999999,12679
PL,M,Y_GE85,2011,GE1000000,9909
PL,M,Y_LT15,2011,0-1000,928210
PL,M,Y_LT15,2011,1000-9999,569831
PL,M,Y_LT15,2011,10000-99999,747529
PL,M,Y_LT15,2011,100000-499999,439603
PL,M,Y_LT15,2011,500000-999999,167448
PL,M,Y_LT15,2011,GE1000000,113293
PL,M,Y15-29,2011,0-1000,1273599
PL,M,Y15-29,2011,1000-9999,775054
PL,M,Y15-29,2011,10000-99999,1090895
PL,M,Y15-29,2011,100000-499999,680449
PL,M,Y15-29,2011,500000-999999,273813
PL,M,Y15-29,2011,GE1000000,157074
PL,M,Y30-49,2011,0-1000,1507514
PL,M,Y30-49,2011,1000-9999,960561
PL,M,Y30-49,2011,10000-99999,1381063
PL,M,Y30-49,2011,100000-499999,893291
PL,M,Y30-49,2011,500000-999999,357766
PL,M,Y30-49,2011,GE1000000,230011
PL,M,Y50-64,2011,0-1000,1038310
PL,M,Y50-64,2011,1000-9999,658796
PL,M,Y50-64,2011,10000-99999,1067186
PL,M,Y50-64,2011,100000-499999,690790
PL,M,Y50-64,2011,500000-999999,274774
PL,M,Y50-64,2011,GE1000000,168265
PL,M,Y65-84,2011,0-1000,496125
PL,M,Y65-84,2011,1000-9999,286704
PL,M,Y65-84,2011,10000-99999,469471
PL,M,Y65-84,2011,100000-499999,340925
PL,M,Y65-84,2011,500000-999999,143614
PL,M,Y65-84,2011,GE1000000,99621
PT,F,Y_GE85,2011,0-1000,61243
PT,F,Y_GE85,2011,1000-9999,34631
PT,F,Y_GE85,2011,10000-99999,35766
PT,F,Y_GE85,2011,100000-499999,14017
PT,F,Y_GE85,2011,500000-999999,13271
PT,F,Y_GE85,2011,GE1000000,0
PT,F,Y_LT15,2011,0-1000,237777
PT,F,Y_LT15,2011,1000-9999,199142
PT,F,Y_LT15,2011,10000-99999,231103
PT,F,Y_LT15,2011,100000-499999,65807
PT,F,Y_LT15,2011,500000-999999,34501
PT,F,Y_LT15,2011,GE1000000,0
PT,F,Y15-29,2011,0-1000,280926
PT,F,Y15-29,2011,1000-9999,219882
PT,F,Y15-29,2011,10000-99999,265647
PT,F,Y15-29,2011,100000-499999,85084
PT,F,Y15-29,2011,500000-999999,45456
PT,F,Y15-29,2011,GE1000000,0
PT,F,Y30-49,2011,0-1000,489711
PT,F,Y30-49,2011,1000-9999,402486
PT,F,Y30-49,2011,10000-99999,495403
PT,F,Y30-49,2011,100000-499999,148783
PT,F,Y30-49,2011,500000-999999,78267
PT,F,Y30-49,2011,GE1000000,0
PT,F,Y50-64,2011,0-1000,352474
PT,F,Y50-64,2011,1000-9999,245827
PT,F,Y50-64,2011,10000-99999,307755
PT,F,Y50-64,2011,100000-499999,104909
PT,F,Y50-64,2011,500000-999999,56898
PT,F,Y50-64,2011,GE1000000,0
PT,F,Y65-84,2011,0-1000,387373
PT,F,Y65-84,2011,1000-9999,216042
PT,F,Y65-84,2011,10000-99999,246389
PT,F,Y65-84,2011,100000-499999,90542
PT,F,Y65-84,2011,500000-999999,68466
PT,F,Y65-84,2011,GE1000000,0
PT,M,Y_GE85,2011,0-1000,32344
PT,M,Y_GE85,2011,1000-9999,16127
PT,M,Y_GE85,2011,10000-99999,16091
PT,M,Y_GE85,2011,100000-499999,5645
PT,M,Y_GE85,2011,500000-999999,5196
PT,M,Y_GE85,2011,GE1000000,0
PT,M,Y_LT15,2011,0-1000,248857
PT,M,Y_LT15,2011,1000-9999,209563
PT,M,Y_LT15,2011,10000-99999,241113
PT,M,Y_LT15,2011,100000-499999,68473
PT,M,Y_LT15,2011,500000-999999,35993
PT,M,Y_LT15,2011,GE1000000,0
PT,M,Y15-29,2011,0-1000,293146
PT,M,Y15-29,2011,1000-9999,222244
PT,M,Y15-29,2011,10000-99999,261217
PT,M,Y15-29,2011,100000-499999,84316
PT,M,Y15-29,2011,500000-999999,45473
PT,M,Y15-29,2011,GE1000000,0
PT,M,Y30-49,2011,0-1000,486096
PT,M,Y30-49,2011,1000-9999,380419
PT,M,Y30-49,2011,10000-99999,451796
PT,M,Y30-49,2011,100000-499999,134961
PT,M,Y30-49,2011,500000-999999,73720
PT,M,Y30-49,2011,GE1000000,0
PT,M,Y50-64,2011,0-1000,338371
PT,M,Y50-64,2011,1000-9999,227480
PT,M,Y50-64,2011,10000-99999,266857
PT,M,Y50-64,2011,100000-499999,87716
PT,M,Y50-64,2011,500000-999999,46465
PT,M,Y50-64,2011,GE1000000,0
PT,M,Y65-84,2011,0-1000,304026
PT,M,Y65-84,2011,1000-9999,168363
PT,M,Y65-84,2011,10000-99999,187261
PT,M,Y65-84,2011,100000-499999,63244
PT,M,Y65-84,2011,500000-999999,44027
PT,M,Y65-84,2011,GE1000000,0
RO,F,Y_GE85,2011,0-1000,1060
RO,F,Y_GE85,2011,1000-9999,101754
RO,F,Y_GE85,2011,10000-99999,27782
RO,F,Y_GE85,2011,100000-499999,25919
RO,F,Y_GE85,2011,500000-999999,0
RO,F,Y_GE85,2011,GE1000000,19682
RO,F,Y_LT15,2011,0-1000,4321
RO,F,Y_LT15,2011,1000-9999,841493
RO,F,Y_LT15,2011,10000-99999,355029
RO,F,Y_LT15,2011,100000-499999,236923
RO,F,Y_LT15,2011,500000-999999,0
RO,F,Y_LT15,2011,GE1000000,113569
RO,F,Y15-29,2011,0-1000,4228
RO,F,Y15-29,2011,1000-9999,828736
RO,F,Y15-29,2011,10000-99999,410140
RO,F,Y15-29,2011,100000-499999,396348
RO,F,Y15-29,2011,500000-999999,0
RO,F,Y15-29,2011,GE1000000,199352
RO,F,Y30-49,2011,0-1000,6907
RO,F,Y30-49,2011,1000-9999,1238316
RO,F,Y30-49,2011,10000-99999,736313
RO,F,Y30-49,2011,100000-499999,598240
RO,F,Y30-49,2011,500000-999999,0
RO,F,Y30-49,2011,GE1000000,314257
RO,F,Y50-64,2011,0-1000,6456
RO,F,Y50-64,2011,1000-9999,905739
RO,F,Y50-64,2011,10000-99999,533156
RO,F,Y50-64,2011,100000-499999,447970
RO,F,Y50-64,2011,500000-999999,0
RO,F,Y50-64,2011,GE1000000,214781
RO,F,Y65-84,2011,0-1000,9738
RO,F,Y65-84,2011,1000-9999,1011720
RO,F,Y65-84,2011,10000-99999,321099
RO,F,Y65-84,2011,100000-499999,271780
RO,F,Y65-84,2011,500000-999999,0
RO,F,Y65-84,2011,GE1000000,150254
RO,M,Y_GE85,2011,0-1000,584
RO,M,Y_GE85,2011,1000-9999,53397
RO,M,Y_GE85,2011,10000-99999,12706
RO,M,Y_GE85,2011,100000-499999,11697
RO,M,Y_GE85,2011,500000-999999,0
RO,M,Y_GE85,2011,GE1000000,8678
RO,M,Y_LT15,2011,0-1000,4520
RO,M,Y_LT15,2011,1000-9999,889120
RO,M,Y_LT15,2011,10000-99999,375120
RO,M,Y_LT15,2011,100000-499999,248964
RO,M,Y_LT15,2011,500000-999999,0
RO,M,Y_LT15,2011,GE1000000,120587
RO,M,Y15-29,2011,0-1000,5156
RO,M,Y15-29,2011,1000-9999,918095
RO,M,Y15-29,2011,10000-99999,433629
RO,M,Y15-29,2011,100000-499999,393978
RO,M,Y15-29,2011,500000-999999,0
RO,M,Y15-29,2011,GE1000000,188242
RO,M,Y30-49,2011,0-1000,8711
RO,M,Y30-49,2011,1000-9999,1417526
RO,M,Y30-49,2011,10000-99999,712158
RO,M,Y30-49,2011,100000-499999,562332
RO,M,Y30-49,2011,500000-999999,0
RO,M,Y30-49,2011,GE1000000,286992
RO,M,Y50-64,2011,0-1000,6669
RO,M,Y50-64,2011,1000-9999,866737
RO,M,Y50-64,2011,10000-99999,484196
RO,M,Y50-64,2011,100000-499999,385397
RO,M,Y50-64,2011,500000-999999,0
RO,M,Y50-64,2011,GE1000000,173494
RO,M,Y65-84,2011,0-1000,6764
RO,M,Y65-84,2011,1000-9999,708147
RO,M,Y65-84,2011,10000-99999,225301
RO,M,Y65-84,2011,100000-499999,186142
RO,M,Y65-84,2011,500000-999999,0
RO,M,Y65-84,2011,GE1000000,93537
SE,F,Y_GE85,2011,0-1000,24465
SE,F,Y_GE85,2011,1000-9999,38013
SE,F,Y_GE85,2011,10000-99999,59182
SE,F,Y_GE85,2011,100000-499999,14452
SE,F,Y_GE85,2011,500000-999999,9591
SE,F,Y_GE85,2011,GE1000000,22683
SE,F,Y_LT15,2011,0-1000,159387
SE,F,Y_LT15,2011,1000-9999,161365
SE,F,Y_LT15,2011,10000-99999,231849
SE,F,Y_LT15,2011,100000-499999,56016
SE,F,Y_LT15,2011,500000-999999,42869
SE,F,Y_LT15,2011,GE1000000,119006
SE,F,Y15-29,2011,0-1000,143199
SE,F,Y15-29,2011,1000-9999,146631
SE,F,Y15-29,2011,10000-99999,302923
SE,F,Y15-29,2011,100000-499999,93659
SE,F,Y15-29,2011,500000-999999,65106
SE,F,Y15-29,2011,GE1000000,143277
SE,F,Y30-49,2011,0-1000,242932
SE,F,Y30-49,2011,1000-9999,235605
SE,F,Y30-49,2011,10000-99999,371683
SE,F,Y30-49,2011,100000-499999,96919
SE,F,Y30-49,2011,500000-999999,77610
SE,F,Y30-49,2011,GE1000000,212454
SE,F,Y50-64,2011,0-1000,210354
SE,F,Y50-64,2011,1000-9999,168712
SE,F,Y50-64,2011,10000-99999,268295
SE,F,Y50-64,2011,100000-499999,62617
SE,F,Y50-64,2011,500000-999999,47040
SE,F,Y50-64,2011,GE1000000,117874
SE,F,Y65-84,2011,0-1000,164653
SE,F,Y65-84,2011,1000-9999,176809
SE,F,Y65-84,2011,10000-99999,277015
SE,F,Y65-84,2011,100000-499999,58817
SE,F,Y65-84,2011,500000-999999,38901
SE,F,Y65-84,2011,GE1000000,94058
SE,M,Y_GE85,2011,0-1000,17315
SE,M,Y_GE85,2011,1000-9999,18844
SE,M,Y_GE85,2011,10000-99999,28095
SE,M,Y_GE85,2011,100000-499999,6524
SE,M,Y_GE85,2011,500000-999999,4393
SE,M,Y_GE85,2011,GE1000000,9770
SE,M,Y_LT15,2011,0-1000,167723
SE,M,Y_LT15,2011,1000-9999,172138
SE,M,Y_LT15,2011,10000-99999,245056
SE,M,Y_LT15,2011,100000-499999,59063
SE,M,Y_LT15,2011,500000-999999,44997
SE,M,Y_LT15,2011,GE1000000,124801
SE,M,Y15-29,2011,0-1000,156363
SE,M,Y15-29,2011,1000-9999,163299
SE,M,Y15-29,2011,10000-99999,324157
SE,M,Y15-29,2011,100000-499999,92278
SE,M,Y15-29,2011,500000-999999,65063
SE,M,Y15-29,2011,GE1000000,142419
SE,M,Y30-49,2011,0-1000,256319
SE,M,Y30-49,2011,1000-9999,234631
SE,M,Y30-49,2011,10000-99999,382244
SE,M,Y30-49,2011,100000-499999,104727
SE,M,Y30-49,2011,500000-999999,82983
SE,M,Y30-49,2011,GE1000000,221076
SE,M,Y50-64,2011,0-1000,234543
SE,M,Y50-64,2011,1000-9999,168784
SE,M,Y50-64,2011,10000-99999,256131
SE,M,Y50-64,2011,100000-499999,60027
SE,M,Y50-64,2011,500000-999999,46029
SE,M,Y50-64,2011,GE1000000,115954
SE,M,Y65-84,2011,0-1000,187877
SE,M,Y65-84,2011,1000-9999,155817
SE,M,Y65-84,2011,10000-99999,222464
SE,M,Y65-84,2011,100000-499999,46591
SE,M,Y65-84,2011,500000-999999,32025
SE,M,Y65-84,2011,GE1000000,76314
SI,F,Y_GE85,2011,0-1000,10217
SI,F,Y_GE85,2011,1000-9999,6943
SI,F,Y_GE85,2011,10000-99999,4946
SI,F,Y_GE85,2011,100000-499999,4057
SI,F,Y_GE85,2011,500000-999999,0
SI,F,Y_GE85,2011,GE1000000,0
SI,F,Y_LT15,2011,0-1000,66771
SI,F,Y_LT15,2011,1000-9999,34297
SI,F,Y_LT15,2011,10000-99999,22708
SI,F,Y_LT15,2011,100000-499999,17375
SI,F,Y_LT15,2011,500000-999999,0
SI,F,Y_LT15,2011,GE1000000,0
SI,F,Y15-29,2011,0-1000,79375
SI,F,Y15-29,2011,1000-9999,41940
SI,F,Y15-29,2011,10000-99999,31776
SI,F,Y15-29,2011,100000-499999,26958
SI,F,Y15-29,2011,500000-999999,0
SI,F,Y15-29,2011,GE1000000,0
SI,F,Y30-49,2011,0-1000,131300
SI,F,Y30-49,2011,1000-9999,74316
SI,F,Y30-49,2011,10000-99999,52437
SI,F,Y30-49,2011,100000-499999,39425
SI,F,Y30-49,2011,500000-999999,0
SI,F,Y30-49,2011,GE1000000,0
SI,F,Y50-64,2011,0-1000,88911
SI,F,Y50-64,2011,1000-9999,53669
SI,F,Y50-64,2011,10000-99999,40470
SI,F,Y50-64,2011,100000-499999,29130
SI,F,Y50-64,2011,500000-999999,0
SI,F,Y50-64,2011,GE1000000,0
SI,F,Y65-84,2011,0-1000,75085
SI,F,Y65-84,2011,1000-9999,45079
SI,F,Y65-84,2011,10000-99999,34028
SI,F,Y65-84,2011,100000-499999,24413
SI,F,Y65-84,2011,500000-999999,0
SI,F,Y65-84,2011,GE1000000,0
SI,M,Y_GE85,2011,0-1000,2950
SI,M,Y_GE85,2011,1000-9999,1968
SI,M,Y_GE85,2011,10000-99999,1572
SI,M,Y_GE85,2011,100000-499999,1445
SI,M,Y_GE85,2011,500000-999999,0
SI,M,Y_GE85,2011,GE1000000,0
SI,M,Y_LT15,2011,0-1000,70780
SI,M,Y_LT15,2011,1000-9999,36291
SI,M,Y_LT15,2011,10000-99999,24142
SI,M,Y_LT15,2011,100000-499999,18489
SI,M,Y_LT15,2011,500000-999999,0
SI,M,Y_LT15,2011,GE1000000,0
SI,M,Y15-29,2011,0-1000,87471
SI,M,Y15-29,2011,1000-9999,46436
SI,M,Y15-29,2011,10000-99999,34620
SI,M,Y15-29,2011,100000-499999,26789
SI,M,Y15-29,2011,500000-999999,0
SI,M,Y15-29,2011,GE1000000,0
SI,M,Y30-49,2011,0-1000,143637
SI,M,Y30-49,2011,1000-9999,78949
SI,M,Y30-49,2011,10000-99999,55697
SI,M,Y30-49,2011,100000-499999,40966
SI,M,Y30-49,2011,500000-999999,0
SI,M,Y30-49,2011,GE1000000,0
SI,M,Y50-64,2011,0-1000,96988
SI,M,Y50-64,2011,1000-9999,53201
SI,M,Y50-64,2011,10000-99999,39194
SI,M,Y50-64,2011,100000-499999,26737
SI,M,Y50-64,2011,500000-999999,0
SI,M,Y50-64,2011,GE1000000,0
SI,M,Y65-84,2011,0-1000,55351
SI,M,Y65-84,2011,1000-9999,31885
SI,M,Y65-84,2011,10000-99999,22569
SI,M,Y65-84,2011,100000-499999,16436
SI,M,Y65-84,2011,500000-999999,0
SI,M,Y65-84,2011,GE1000000,0
SK,F,Y_GE85,2011,0-1000,8806
SK,F,Y_GE85,2011,1000-9999,15755
SK,F,Y_GE85,2011,10000-99999,13169
SK,F,Y_GE85,2011,100000-499999,6130
SK,F,Y_GE85,2011,500000-999999,0
SK,F,Y_GE85,2011,GE1000000,0
SK,F,Y_LT15,2011,0-1000,67176
SK,F,Y_LT15,2011,1000-9999,166719
SK,F,Y_LT15,2011,10000-99999,126703
SK,F,Y_LT15,2011,100000-499999,41964
SK,F,Y_LT15,2011,500000-999999,0
SK,F,Y_LT15,2011,GE1000000,0
SK,F,Y15-29,2011,0-1000,90651
SK,F,Y15-29,2011,1000-9999,219346
SK,F,Y15-29,2011,10000-99999,205303
SK,F,Y15-29,2011,100000-499999,63244
SK,F,Y15-29,2011,500000-999999,0
SK,F,Y15-29,2011,GE1000000,0
SK,F,Y30-49,2011,0-1000,117049
SK,F,Y30-49,2011,1000-9999,286751
SK,F,Y30-49,2011,10000-99999,290820
SK,F,Y30-49,2011,100000-499999,103874
SK,F,Y30-49,2011,500000-999999,0
SK,F,Y30-49,2011,GE1000000,0
SK,F,Y50-64,2011,0-1000,79494
SK,F,Y50-64,2011,1000-9999,191184
SK,F,Y50-64,2011,10000-99999,214614
SK,F,Y50-64,2011,100000-499999,78761
SK,F,Y50-64,2011,500000-999999,0
SK,F,Y50-64,2011,GE1000000,0
SK,F,Y65-84,2011,0-1000,69393
SK,F,Y65-84,2011,1000-9999,138717
SK,F,Y65-84,2011,10000-99999,125671
SK,F,Y65-84,2011,100000-499999,48859
SK,F,Y65-84,2011,500000-999999,0
SK,F,Y65-84,2011,GE1000000,0
SK,M,Y_GE85,2011,0-1000,3251
SK,M,Y_GE85,2011,1000-9999,5849
SK,M,Y_GE85,2011,10000-99999,5216
SK,M,Y_GE85,2011,100000-499999,2636
SK,M,Y_GE85,2011,500000-999999,0
SK,M,Y_GE85,2011,GE1000000,0
SK,M,Y_LT15,2011,0-1000,70994
SK,M,Y_LT15,2011,1000-9999,174999
SK,M,Y_LT15,2011,10000-99999,134080
SK,M,Y_LT15,2011,100000-499999,44206
SK,M,Y_LT15,2011,500000-999999,0
SK,M,Y_LT15,2011,GE1000000,0
SK,M,Y15-29,2011,0-1000,96575
SK,M,Y15-29,2011,1000-9999,229174
SK,M,Y15-29,2011,10000-99999,214408
SK,M,Y15-29,2011,100000-499999,64217
SK,M,Y15-29,2011,500000-999999,0
SK,M,Y15-29,2011,GE1000000,0
SK,M,Y30-49,2011,0-1000,130652
SK,M,Y30-49,2011,1000-9999,306380
SK,M,Y30-49,2011,10000-99999,287056
SK,M,Y30-49,2011,100000-499999,100431
SK,M,Y30-49,2011,500000-999999,0
SK,M,Y30-49,2011,GE1000000,0
SK,M,Y50-64,2011,0-1000,80853
SK,M,Y50-64,2011,1000-9999,185686
SK,M,Y50-64,2011,10000-99999,188966
SK,M,Y50-64,2011,100000-499999,63845
SK,M,Y50-64,2011,500000-999999,0
SK,M,Y50-64,2011,GE1000000,0
SK,M,Y65-84,2011,0-1000,41386
SK,M,Y65-84,2011,1000-9999,86633
SK,M,Y65-84,2011,10000-99999,80036
SK,M,Y65-84,2011,100000-499999,31651
SK,M,Y65-84,2011,500000-999999,0
SK,M,Y65-84,2011,GE1000000,0
UK,F,Y_GE85,2011,0-1000,78885
UK,F,Y_GE85,2011,1000-9999,134890
UK,F,Y_GE85,2011,10000-99999,240935
UK,F,Y_GE85,2011,100000-499999,205520
UK,F,Y_GE85,2011,500000-999999,69735
UK,F,Y_GE85,2011,GE1000000,212055
UK,F,Y_LT15,2011,0-1000,423410
UK,F,Y_LT15,2011,1000-9999,601580
UK,F,Y_LT15,2011,10000-99999,1191125
UK,F,Y_LT15,2011,100000-499999,1153505
UK,F,Y_LT15,2011,500000-999999,420285
UK,F,Y_LT15,2011,GE1000000,1628665
UK,F,Y15-29,2011,0-1000,365320
UK,F,Y15-29,2011,1000-9999,562845
UK,F,Y15-29,2011,10000-99999,1298615
UK,F,Y15-29,2011,100000-499999,1442200
UK,F,Y15-29,2011,500000-999999,584605
UK,F,Y15-29,2011,GE1000000,1996485
UK,F,Y30-49,2011,0-1000,706695
UK,F,Y30-49,2011,1000-9999,992320
UK,F,Y30-49,2011,10000-99999,1945825
UK,F,Y30-49,2011,100000-499999,1875510
UK,F,Y30-49,2011,500000-999999,682800
UK,F,Y30-49,2011,GE1000000,2666425
UK,F,Y50-64,2011,0-1000,641255
UK,F,Y50-64,2011,1000-9999,774230
UK,F,Y50-64,2011,10000-99999,1360390
UK,F,Y50-64,2011,100000-499999,1204650
UK,F,Y50-64,2011,500000-999999,432535
UK,F,Y50-64,2011,GE1000000,1420190
UK,F,Y65-84,2011,0-1000,488955
UK,F,Y65-84,2011,1000-9999,694190
UK,F,Y65-84,2011,10000-99999,1181620
UK,F,Y65-84,2011,100000-499999,1011000
UK,F,Y65-84,2011,500000-999999,359815
UK,F,Y65-84,2011,GE1000000,1104990
UK,M,Y_GE85,2011,0-1000,43830
UK,M,Y_GE85,2011,1000-9999,65035
UK,M,Y_GE85,2011,10000-99999,110810
UK,M,Y_GE85,2011,100000-499999,96785
UK,M,Y_GE85,2011,500000-999999,32955
UK,M,Y_GE85,2011,GE1000000,100555
UK,M,Y_LT15,2011,0-1000,442975
UK,M,Y_LT15,2011,1000-9999,635330
UK,M,Y_LT15,2011,10000-99999,1249655
UK,M,Y_LT15,2011,100000-499999,1210230
UK,M,Y_LT15,2011,500000-999999,440875
UK,M,Y_LT15,2011,GE1000000,1702270
UK,M,Y15-29,2011,0-1000,410720
UK,M,Y15-29,2011,1000-9999,599335
UK,M,Y15-29,2011,10000-99999,1315640
UK,M,Y15-29,2011,100000-499999,1449410
UK,M,Y15-29,2011,500000-999999,595200
UK,M,Y15-29,2011,GE1000000,1979620
UK,M,Y30-49,2011,0-1000,675510
UK,M,Y30-49,2011,1000-9999,937380
UK,M,Y30-49,2011,10000-99999,1887665
UK,M,Y30-49,2011,100000-499999,1878290
UK,M,Y30-49,2011,500000-999999,684200
UK,M,Y30-49,2011,GE1000000,2656050
UK,M,Y50-64,2011,0-1000,638605
UK,M,Y50-64,2011,1000-9999,743585
UK,M,Y50-64,2011,10000-99999,1306900
UK,M,Y50-64,2011,100000-499999,1177845
UK,M,Y50-64,2011,500000-999999,431175
UK,M,Y50-64,2011,GE1000000,1385150
UK,M,Y65-84,2011,0-1000,484595
UK,M,Y65-84,2011,1000-9999,603790
UK,M,Y65-84,2011,10000-99999,989950
UK,M,Y65-84,2011,100000-499999,847855
UK,M,Y65-84,2011,500000-999999,301955
UK,M,Y65-84,2011,GE1000000,916420
